paperid,pobs,Authors,Transform,Preferred,CorrelationCoefficientCorrected,CoeffMedian,StandardErrorCorrected,TstatisticCorrected,YNCorrected,Observations,DegreesofFreedom,NumberofCountries,GrowthPerCapita,LaggedPublicDebt,CrossSection,StartYear,EndYear,YearAverage,AdvancedCountriesOnly,DevelopingCountriesOnly,MixofCountries,OtherHorizon,LongRunExplicit,ShortRunExplicit,TacklingEndogeneity,ThresholdModel,NoEst,JournalName,YearofPublication,JournalImpactFactor,ReviewedJournal,Citations,Investment,Inflation,Powered
1,1,Afonso and Jalles 2013,1,1,-0.02,,0.002,-10,1,982,974,155,1,0,0,1970,2008,1,0,0,1,1,0,0,0,0,42,International Review of Economics and Finance,2013,1.818,1,232,1,0,0.007142857
1,2,Afonso and Jalles 2013,1,1,-0.01,,0.004,-2.5,1,217,209,28,1,0,0,1970,2008,1,1,0,0,1,0,0,0,0,42,International Review of Economics and Finance,2013,1.818,1,232,1,0,0.003571429
1,3,Afonso and Jalles 2013,1,1,-0.02,,0.008,-2.5,1,204,196,33,1,0,0,1970,2008,1,0,1,0,1,0,0,0,0,42,International Review of Economics and Finance,2013,1.818,1,232,1,0,0.007142857
1,4,Afonso and Jalles 2013,1,1,-0.02,,0.002,-10,1,967,959,155,1,0,0,1970,2008,1,0,0,1,1,0,0,0,0,42,International Review of Economics and Finance,2013,1.818,1,232,1,0,0.007142857
1,5,Afonso and Jalles 2013,1,1,-0.02,,0.006,-3.333333333,1,982,974,155,1,0,0,1970,2008,1,0,0,1,1,0,0,0,0,42,International Review of Economics and Finance,2013,1.818,1,232,1,0,0.007142857
1,6,Afonso and Jalles 2013,1,1,-0.01,,0.003,-3.333333333,1,964,956,155,1,0,0,1970,2008,1,0,0,1,1,0,0,0,0,42,International Review of Economics and Finance,2013,1.818,1,232,1,0,0.003571429
1,7,Afonso and Jalles 2013,1,1,-0.02,,0.003,-6.666666667,1,982,819,155,1,0,0,1970,2008,1,0,0,1,1,0,0,0,0,42,International Review of Economics and Finance,2013,1.818,1,232,1,0,0.007142857
1,8,Afonso and Jalles 2013,1,1,-0.004,,0.005,-0.8,1,217,54,28,1,0,0,1970,2008,1,1,0,0,1,0,0,0,0,42,International Review of Economics and Finance,2013,1.818,1,232,1,0,0.001428571
1,9,Afonso and Jalles 2013,1,1,-0.002,,0.003,-0.666666667,1,918,910,155,1,0,0,1970,2008,1,0,0,1,1,0,0,1,0,42,International Review of Economics and Finance,2013,1.818,1,232,1,0,0.000714286
1,10,Afonso and Jalles 2013,1,1,-0.004,,0.005,-0.8,1,210,202,28,1,0,0,1970,2008,1,1,0,0,1,0,0,1,0,42,International Review of Economics and Finance,2013,1.818,1,232,1,0,0.001428571
1,11,Afonso and Jalles 2013,1,1,-0.01,,0.004,-2.5,1,982,974,155,1,0,0,1970,2008,1,0,0,1,1,0,0,1,0,42,International Review of Economics and Finance,2013,1.818,1,232,1,0,0.003571429
1,12,Afonso and Jalles 2013,1,1,-0.01,,0.042,-0.238095238,1,217,209,28,1,0,0,1970,2008,1,1,0,0,1,0,0,1,0,42,International Review of Economics and Finance,2013,1.818,1,232,1,0,0.003571429
1,13,Afonso and Jalles 2013,1,0,-0.04,,0.016,-2.5,1,629,621,100,1,0,0,1970,2008,1,0,0,1,1,0,0,0,0,42,International Review of Economics and Finance,2013,1.818,1,232,1,0,0.014285714
1,14,Afonso and Jalles 2013,1,0,-0.02,,0.003,-6.666666667,1,594,586,94,1,0,0,1970,2008,1,0,0,1,1,0,0,0,0,42,International Review of Economics and Finance,2013,1.818,1,232,1,0,0.007142857
1,15,Afonso and Jalles 2013,1,0,-0.04,,0.016,-2.5,1,620,612,100,1,0,0,1970,2008,1,0,0,1,1,0,0,0,0,42,International Review of Economics and Finance,2013,1.818,1,232,1,0,0.014285714
1,16,Afonso and Jalles 2013,1,0,-0.02,,0.003,-6.666666667,1,585,577,94,1,0,0,1970,2008,1,0,0,1,1,0,0,0,0,42,International Review of Economics and Finance,2013,1.818,1,232,1,0,0.007142857
1,17,Afonso and Jalles 2013,1,0,-0.05,,0.018,-2.777777778,1,629,621,100,1,0,0,1970,2008,1,0,0,1,1,0,0,0,0,42,International Review of Economics and Finance,2013,1.818,1,232,1,0,0.017857143
1,18,Afonso and Jalles 2013,1,0,-0.02,,0.003,-6.666666667,1,594,586,94,1,0,0,1970,2008,1,0,0,1,1,0,0,0,0,42,International Review of Economics and Finance,2013,1.818,1,232,1,0,0.007142857
1,19,Afonso and Jalles 2013,1,0,-0.004,,0.021,-0.19047619,1,616,608,100,1,0,0,1970,2008,1,0,0,1,1,0,0,0,0,42,International Review of Economics and Finance,2013,1.818,1,232,1,0,0.001428571
1,20,Afonso and Jalles 2013,1,0,-0.01,,0.004,-2.5,1,585,577,94,1,0,0,1970,2008,1,0,0,1,1,0,0,0,0,42,International Review of Economics and Finance,2013,1.818,1,232,1,0,0.003571429
1,21,Afonso and Jalles 2013,1,0,-0.004,,0.027,-0.148148148,1,629,521,100,1,0,0,1970,2008,1,0,0,1,1,0,0,0,0,42,International Review of Economics and Finance,2013,1.818,1,232,1,0,0.001428571
1,22,Afonso and Jalles 2013,1,0,-0.02,,0.006,-3.333333333,1,594,492,94,1,0,0,1970,2008,1,0,0,1,1,0,0,0,0,42,International Review of Economics and Finance,2013,1.818,1,232,1,0,0.007142857
1,23,Afonso and Jalles 2013,1,0,-0.04,,0.013,-3.076923077,1,529,521,100,1,0,0,1970,2008,1,0,0,1,1,0,0,1,0,42,International Review of Economics and Finance,2013,1.818,1,232,1,0,0.014285714
1,24,Afonso and Jalles 2013,1,0,-0.01,,0.004,-2.5,1,493,485,94,1,0,0,1970,2008,1,0,0,1,1,0,0,1,0,42,International Review of Economics and Finance,2013,1.818,1,232,1,0,0.003571429
1,25,Afonso and Jalles 2013,1,0,-0.05,,0.016,-3.125,1,629,621,100,1,0,0,1970,2008,1,0,0,1,1,0,0,1,0,42,International Review of Economics and Finance,2013,1.818,1,232,1,0,0.017857143
1,26,Afonso and Jalles 2013,1,0,-0.02,,0.007,-2.857142857,1,594,586,94,1,0,0,1970,2008,1,0,0,1,1,0,0,1,0,42,International Review of Economics and Finance,2013,1.818,1,232,1,0,0.007142857
1,27,Afonso and Jalles 2013,1,0,-0.00524,,0.004411304,-1.187857468,1,93,85,100,1,0,0,1970,2008,1,1,0,0,1,0,0,0,0,42,International Review of Economics and Finance,2013,1.818,1,232,1,0,0.001871429
1,28,Afonso and Jalles 2013,1,0,0.01752,,0.00919019,1.90638052,1,93,85,100,1,0,0,1970,2008,1,1,0,0,1,0,0,0,0,42,International Review of Economics and Finance,2013,1.818,1,232,1,0,0.006257143
1,29,Afonso and Jalles 2013,1,0,0.01752,,0.0072429,2.418920608,1,66,58,100,1,0,0,1970,2008,1,1,0,0,1,0,0,1,0,42,International Review of Economics and Finance,2013,1.818,1,232,1,0,0.006257143
1,30,Afonso and Jalles 2013,1,0,-0.02248,,0.021145931,-1.063088683,1,93,85,100,1,0,0,1970,2008,1,1,0,0,1,0,0,1,0,42,International Review of Economics and Finance,2013,1.818,1,232,1,0,0.008028571
1,31,Afonso and Jalles 2013,1,0,-0.0108,,0.00401278,-2.691401252,1,876,729,138,1,0,0,1970,2008,1,0,0,1,1,0,0,0,0,42,International Review of Economics and Finance,2013,1.818,1,232,1,0,0.003857143
1,32,Afonso and Jalles 2013,1,0,-0.0212,,0.003014963,-7.031596144,1,876,729,138,1,0,0,1970,2008,1,0,0,1,1,0,0,0,0,42,International Review of Economics and Finance,2013,1.818,1,232,1,0,0.007571429
1,33,Afonso and Jalles 2013,1,0,-0.0107,,0.003013038,-3.551232615,1,876,729,138,1,0,0,1970,2008,1,0,0,1,1,0,0,0,0,42,International Review of Economics and Finance,2013,1.818,1,232,1,0,0.003821429
1,34,Afonso and Jalles 2013,1,0,-0.0203,,0.004001012,-5.073715878,1,876,729,138,1,0,0,1970,2008,1,0,0,1,1,0,0,0,0,42,International Review of Economics and Finance,2013,1.818,1,232,1,0,0.00725
1,35,Afonso and Jalles 2013,1,0,-0.0124,,0.00401278,-3.090127363,1,826,679,138,1,0,0,1970,2008,1,0,0,1,1,0,0,1,0,42,International Review of Economics and Finance,2013,1.818,1,232,1,0,0.004428571
1,36,Afonso and Jalles 2013,1,0,-0.0112,-0.0112,0.003014963,-3.71480551,1,826,679,138,1,0,0,1970,2008,1,0,0,1,1,0,0,1,0,42,International Review of Economics and Finance,2013,1.818,1,232,1,0,0.004
1,37,Afonso and Jalles 2013,1,0,-0.0107,,0.004009788,-2.668470237,1,826,679,138,1,0,0,1970,2008,1,0,0,1,1,0,0,1,0,42,International Review of Economics and Finance,2013,1.818,1,232,1,0,0.003821429
1,38,Afonso and Jalles 2013,1,0,-0.02006,,0.00300135,-6.683659696,1,826,679,138,1,0,0,1970,2008,1,0,0,1,1,0,0,1,0,42,International Review of Economics and Finance,2013,1.818,1,232,1,0,0.007164286
1,39,Afonso and Jalles 2013,1,0,-0.00432,,0.006013319,-0.718405314,1,876,729,138,1,0,0,1970,2008,1,0,0,1,1,0,0,1,0,42,International Review of Economics and Finance,2013,1.818,1,232,1,0,0.001542857
1,40,Afonso and Jalles 2013,1,0,-0.0032,,0.003021523,-1.059068628,1,876,729,138,1,0,0,1970,2008,1,0,0,1,1,0,0,1,0,42,International Review of Economics and Finance,2013,1.818,1,232,1,0,0.001142857
1,41,Afonso and Jalles 2013,1,0,-0.0037,,0.004005509,-0.923727864,1,876,729,138,1,0,0,1970,2008,1,0,0,1,1,0,0,1,0,42,International Review of Economics and Finance,2013,1.818,1,232,1,0,0.001321429
1,42,Afonso and Jalles 2013,1,0,-0.0097,,0.003002399,-3.230749767,1,876,729,138,1,0,0,1970,2008,1,0,0,1,1,0,0,1,0,42,International Review of Economics and Finance,2013,1.818,1,232,1,0,0.003464286
2,1,Alves and Afonso 2015,1,0,-0.017,,0.003,-5.666666667,1,545,542,14,1,0,0,1970,2012,0,1,0,0,1,0,0,0,0,42,Lisboa School of Economics and Management Working Paper,2015,0.0001,0,72,0,0,0.006071429
2,2,Alves and Afonso 2015,1,1,-0.011,-0.011,0.003,-3.666666667,1,402,397,14,1,0,0,1970,2012,0,1,0,0,1,0,0,0,0,42,Lisboa School of Economics and Management Working Paper,2015,0.0001,0,72,0,0,0.003928571
2,3,Alves and Afonso 2015,1,1,-0.004,,0.004,-1,1,402,340,14,1,0,0,1970,2012,0,1,0,0,1,0,0,0,0,42,Lisboa School of Economics and Management Working Paper,2015,0.0001,0,72,0,0,0.001428571
2,4,Alves and Afonso 2015,1,0,-0.0004,,0.004,-0.1,1,545,542,14,1,0,0,1970,2012,0,1,0,0,1,0,0,1,0,42,Lisboa School of Economics and Management Working Paper,2015,0.0001,0,72,0,0,0.000142857
2,5,Alves and Afonso 2015,1,0,0.008,,0.004,2,1,402,397,14,1,0,0,1970,2012,0,1,0,0,1,0,0,1,0,42,Lisboa School of Economics and Management Working Paper,2015,0.0001,0,72,0,0,0.002857143
2,6,Alves and Afonso 2015,1,1,-0.009,,0.002,-4.5,1,545,542,14,1,0,0,1970,2012,0,1,0,0,1,0,0,0,0,42,Lisboa School of Economics and Management Working Paper,2015,0.0001,0,72,0,0,0.003214286
2,7,Alves and Afonso 2015,1,0,-0.014,,0.003,-4.666666667,1,517,513,14,1,0,0,1970,2012,0,1,0,0,1,0,0,0,0,42,Lisboa School of Economics and Management Working Paper,2015,0.0001,0,72,0,0,0.005
2,8,Alves and Afonso 2015,1,0,-0.011,,0.0032,-3.4375,1,515,508,14,1,0,0,1970,2012,0,1,0,0,1,0,0,0,0,42,Lisboa School of Economics and Management Working Paper,2015,0.0001,0,72,0,0,0.003928571
2,9,Alves and Afonso 2015,1,0,-0.007,,0.003,-2.333333333,1,515,504,14,1,0,0,1970,2012,0,1,0,0,1,0,0,0,0,42,Lisboa School of Economics and Management Working Paper,2015,0.0001,0,72,0,0,0.0025
2,10,Alves and Afonso 2015,1,0,-0.008,,0.004,-2,1,517,456,14,1,0,0,1970,2012,0,1,0,0,1,0,0,0,0,42,Lisboa School of Economics and Management Working Paper,2015,0.0001,0,72,0,0,0.002857143
2,11,Alves and Afonso 2015,1,0,-0.002,,0.004,-0.5,1,515,450,14,1,0,0,1970,2012,0,1,0,0,1,0,0,0,0,42,Lisboa School of Economics and Management Working Paper,2015,0.0001,0,72,0,0,0.000714286
2,12,Alves and Afonso 2015,1,0,-0.0004,,0.004,-0.1,1,515,447,14,1,0,0,1970,2012,0,1,0,0,1,0,0,0,0,42,Lisboa School of Economics and Management Working Paper,2015,0.0001,0,72,0,0,0.000142857
2,13,Alves and Afonso 2015,1,0,0.002,,0.004,0.5,1,515,511,14,1,0,0,1970,2012,0,1,0,0,1,0,0,1,0,42,Lisboa School of Economics and Management Working Paper,2015,0.0001,0,72,0,0,0.000714286
2,14,Alves and Afonso 2015,1,0,0.007,,0.005,1.4,1,495,430,14,1,0,0,1970,2012,0,1,0,0,1,0,0,1,0,42,Lisboa School of Economics and Management Working Paper,2015,0.0001,0,72,0,0,0.0025
2,15,Alves and Afonso 2015,1,0,0.007,,0.005,1.4,1,493,425,14,1,0,0,1970,2012,0,1,0,0,1,0,0,1,0,42,Lisboa School of Economics and Management Working Paper,2015,0.0001,0,72,0,0,0.0025
2,16,Alves and Afonso 2015,1,0,-0.007,,0.002,-3.5,1,517,513,14,1,0,0,1970,2012,0,1,0,0,1,0,0,0,0,42,Lisboa School of Economics and Management Working Paper,2015,0.0001,0,72,0,0,0.0025
2,17,Alves and Afonso 2015,1,0,-0.004,,0.002,-2,1,515,508,14,1,0,0,1970,2012,0,1,0,0,1,0,0,0,0,42,Lisboa School of Economics and Management Working Paper,2015,0.0001,0,72,0,0,0.001428571
2,18,Alves and Afonso 2015,1,0,-0.002,,0.002,-1,1,515,504,14,1,0,0,1970,2012,0,1,0,0,1,0,0,0,0,42,Lisboa School of Economics and Management Working Paper,2015,0.0001,0,72,0,0,0.000714286
2,19,Alves and Afonso 2015,1,0,-0.051888,,0.025450602,-2.038773002,1,454,448,14,1,0,0,1970,2012,0,1,0,0,1,0,0,0,0,42,Lisboa School of Economics and Management Working Paper,2015,0.0001,0,72,0,0,0.018531429
2,20,Alves and Afonso 2015,1,0,-0.050888,,0.026452469,-1.923752345,1,420,414,14,1,0,0,1970,2012,0,1,0,0,1,0,0,0,0,42,Lisboa School of Economics and Management Working Paper,2015,0.0001,0,72,0,0,0.018174286
2,21,Alves and Afonso 2015,1,0,-0.035888,,0.0259371,-1.383655094,1,454,449,14,1,0,0,1970,2012,0,1,0,0,1,0,0,0,0,42,Lisboa School of Economics and Management Working Paper,2015,0.0001,0,72,0,0,0.012817143
2,22,Alves and Afonso 2015,1,0,-0.026666,,0.026452469,-1.008072238,1,454,391,14,1,0,0,1970,2012,0,1,0,0,1,0,0,0,0,42,Lisboa School of Economics and Management Working Paper,2015,0.0001,0,72,0,0,0.009523571
2,23,Alves and Afonso 2015,1,0,-0.002444,,0.026995058,-0.090535091,1,420,357,14,1,0,0,1970,2012,0,1,0,0,1,0,0,0,0,42,Lisboa School of Economics and Management Working Paper,2015,0.0001,0,72,0,0,0.000872857
2,24,Alves and Afonso 2015,1,0,-0.005666,,0.027563257,-0.205563515,1,454,392,14,1,0,0,1970,2012,0,1,0,0,1,0,0,0,0,42,Lisboa School of Economics and Management Working Paper,2015,0.0001,0,72,0,0,0.002023571
2,25,Alves and Afonso 2015,1,0,-0.013666,,0.028155517,-0.485375566,1,434,428,14,1,0,0,1970,2012,0,1,0,0,1,0,0,0,0,42,Lisboa School of Economics and Management Working Paper,2015,0.0001,0,72,0,0,0.004880714
2,26,Alves and Afonso 2015,1,0,0.024556,,0.028155517,0.872155891,1,401,395,14,1,0,0,1970,2012,0,1,0,0,1,0,0,0,0,42,Lisboa School of Economics and Management Working Paper,2015,0.0001,0,72,0,0,0.00877
2,27,Alves and Afonso 2015,1,0,0.031778,,0.028155517,1.128659794,1,434,429,14,1,0,0,1970,2012,0,1,0,0,1,0,0,0,0,42,Lisboa School of Economics and Management Working Paper,2015,0.0001,0,72,0,0,0.011349286
2,28,Alves and Afonso 2015,1,0,-0.036888,,0.023510277,-1.569015951,1,454,448,14,1,0,0,1970,2012,0,1,0,0,1,0,0,0,0,42,Lisboa School of Economics and Management Working Paper,2015,0.0001,0,72,0,0,0.013174286
2,29,Alves and Afonso 2015,1,0,-0.016666,,0.023827151,-0.699454158,1,420,414,14,1,0,0,1970,2012,0,1,0,0,1,0,0,0,0,42,Lisboa School of Economics and Management Working Paper,2015,0.0001,0,72,0,0,0.005952143
2,30,Alves and Afonso 2015,1,0,-0.018888,,0.023827151,-0.792709116,1,454,449,14,1,0,0,1970,2012,0,1,0,0,1,0,0,0,0,42,Lisboa School of Economics and Management Working Paper,2015,0.0001,0,72,0,0,0.006745714
2,31,Alves and Afonso 2015,1,0,-0.037888,,0.024994662,-1.515843654,1,440,429,14,1,0,0,1970,2012,0,1,0,0,1,0,0,0,0,42,Lisboa School of Economics and Management Working Paper,2015,0.0001,0,72,1,0,0.013531429
2,32,Alves and Afonso 2015,1,0,-0.033888,,0.023510277,-1.441412181,1,479,468,14,1,0,0,1970,2012,0,1,0,0,1,0,0,0,0,42,Lisboa School of Economics and Management Working Paper,2015,0.0001,0,72,1,1,0.012102857
2,33,Alves and Afonso 2015,1,0,-0.034888,,0.028155517,-1.23911772,1,273,257,14,1,0,0,1970,2012,0,1,0,0,1,0,0,0,0,42,Lisboa School of Economics and Management Working Paper,2015,0.0001,0,72,0,1,0.01246
2,34,Alves and Afonso 2015,1,0,-0.050888,,0.030736511,-1.65562055,1,440,372,14,1,0,0,1970,2012,0,1,0,0,1,0,0,0,0,42,Lisboa School of Economics and Management Working Paper,2015,0.0001,0,72,1,0,0.018174286
2,35,Alves and Afonso 2015,1,0,-0.041888,,0.024994662,-1.675877823,1,479,411,14,1,0,0,1970,2012,0,1,0,0,1,0,0,0,0,42,Lisboa School of Economics and Management Working Paper,2015,0.0001,0,72,1,1,0.01496
2,36,Alves and Afonso 2015,1,0,0.038112,,0.026995058,1.41181399,1,273,200,14,1,0,0,1970,2012,0,1,0,0,1,0,0,0,0,42,Lisboa School of Economics and Management Working Paper,2015,0.0001,0,72,0,1,0.013611429
2,37,Alves and Afonso 2015,1,0,-0.066888,,0.037466427,-1.785278334,1,420,409,14,1,0,0,1970,2012,0,1,0,0,1,0,0,1,0,42,Lisboa School of Economics and Management Working Paper,2015,0.0001,0,72,1,0,0.023888571
2,38,Alves and Afonso 2015,1,0,-0.059888,,0.066878495,-0.895474692,1,453,442,14,1,0,0,1970,2012,0,1,0,0,1,0,0,1,0,42,Lisboa School of Economics and Management Working Paper,2015,0.0001,0,72,1,1,0.021388571
2,39,Alves and Afonso 2015,1,0,0.038112,,0.027563257,1.382710324,1,272,256,14,1,0,0,1970,2012,0,1,0,0,1,0,0,1,0,42,Lisboa School of Economics and Management Working Paper,2015,0.0001,0,72,0,1,0.013611429
2,40,Alves and Afonso 2015,1,0,-0.033888,,0.024181256,-1.401416046,1,440,429,14,1,0,0,1970,2012,0,1,0,0,1,0,0,0,0,42,Lisboa School of Economics and Management Working Paper,2015,0.0001,0,72,1,0,0.012102857
2,41,Alves and Afonso 2015,1,0,-0.028888,,0.023232157,-1.243448877,1,479,468,14,1,0,0,1970,2012,0,1,0,0,1,0,0,0,0,42,Lisboa School of Economics and Management Working Paper,2015,0.0001,0,72,1,1,0.010317143
2,42,Alves and Afonso 2015,1,0,-0.013888,,0.026995058,-0.514464544,1,273,257,14,1,0,0,1970,2012,0,1,0,0,1,0,0,0,0,42,Lisboa School of Economics and Management Working Paper,2015,0.0001,0,72,0,1,0.00496
3,1,Akram 2011,1,1,-0.0161078,,0.0026391,-6.103520139,1,38,18,1,1,0,0,1972,2009,0,0,1,0,0,1,0,0,0,6,Pakistan Development Review,2011,0.0001,1,83,1,1,0.005752786
3,2,Akram 2011,1,1,-0.0017687,,0.001709,-1.034932709,1,38,18,1,1,0,0,1972,2009,0,0,1,0,0,1,0,0,0,6,Pakistan Development Review,2011,0.0001,1,83,1,1,0.000631679
3,3,Akram 2011,1,0,-0.18881,,0.03404,-5.546709753,1,38,18,1,1,1,0,1972,2009,0,0,1,0,0,0,1,0,0,6,Pakistan Development Review,2011,0.0001,1,83,1,1,0.067432143
3,4,Akram 2011,1,0,0.02363,,0.01561,1.513773222,1,38,18,1,1,1,0,1972,2009,0,0,1,0,0,0,1,0,0,6,Pakistan Development Review,2011,0.0001,1,83,1,1,0.008439286
3,5,Akram 2011,1,0,-0.00722,-0.00722,0.00949,-0.760800843,1,38,18,1,1,1,0,1972,2009,0,0,1,0,0,0,1,0,0,6,Pakistan Development Review,2011,0.0001,1,83,1,1,0.002578571
3,6,Akram 2011,1,0,0.02318,,0.01208,1.918874172,1,38,18,1,1,1,0,1972,2009,0,0,1,0,0,0,1,0,0,6,Pakistan Development Review,2011,0.0001,1,83,1,1,0.008278571
4,1,Akram 2015,1,1,-0.00807,-0.00807,0.00291,-2.773195876,1,36,16,1,1,0,0,1975,2010,0,0,1,0,0,1,0,0,0,4,International Journal of Social Economics,2015,0.0001,1,30,1,0,0.002882143
4,2,Akram 2015,1,0,0.01039,,0.00429,2.421911422,1,36,16,1,1,0,0,1975,2010,0,0,1,0,0,1,0,0,0,4,International Journal of Social Economics,2015,0.0001,1,30,1,0,0.003710714
4,3,Akram 2015,1,1,-0.0294,,0.0295,-0.996610169,1,36,16,1,1,1,0,1975,2010,0,0,1,0,0,0,1,0,0,4,International Journal of Social Economics,2015,0.0001,1,30,1,0,0.0105
4,4,Akram 2015,1,0,0.0643,,0.0301,2.136212625,1,36,16,1,1,1,0,1975,2010,0,0,1,0,0,0,1,0,0,4,International Journal of Social Economics,2015,0.0001,1,30,1,0,0.022964286
5,1,Ash et al. 2020,1,0,-0.015,,0.004,-3.75,1,2558,2555,22,1,0,0,1880,2011,0,1,0,0,1,0,0,0,0,100,Working Paper,2020,0.0001,0,25,0,0,0.005357143
5,2,Ash et al. 2020,1,0,-0.01,,0.003,-3.333333333,1,2558,2424,22,1,0,0,1880,2011,0,1,0,0,1,0,0,0,0,100,Working Paper,2020,0.0001,0,25,0,0,0.003571429
5,3,Ash et al. 2020,1,0,-0.012,,0.003,-4,1,2500,2366,22,1,0,0,1880,2011,0,1,0,0,1,0,0,0,0,100,Working Paper,2020,0.0001,0,25,0,0,0.004285714
5,4,Ash et al. 2020,1,0,-0.004,-0.004,0.004,-1,1,2362,2228,22,1,0,0,1880,2011,0,1,0,0,1,0,0,1,0,100,Working Paper,2020,0.0001,0,25,0,0,0.001428571
5,5,Ash et al. 2020,1,0,-0.004,,0.003,-1.333333333,1,2344,2341,22,1,0,0,1880,2011,0,1,0,0,1,0,0,1,0,100,Working Paper,2020,0.0001,0,25,0,0,0.001428571
5,6,Ash et al. 2020,1,0,-0.014,,0.004,-3.5,1,2558,2402,22,1,0,0,1880,2011,0,1,0,0,1,0,0,0,0,100,Working Paper,2020,0.0001,0,25,0,0,0.005
5,7,Ash et al. 2020,1,0,-0.0004,,0.005,-0.08,1,2362,2206,22,1,0,0,1880,2011,0,1,0,0,1,0,0,0,0,100,Working Paper,2020,0.0001,0,25,0,0,0.000142857
5,8,Ash et al. 2020,1,0,-0.011,,0.004,-2.75,1,2419,2416,22,1,0,0,1880,2011,0,1,0,0,1,0,0,0,0,100,Working Paper,2020,0.0001,0,25,0,0,0.003928571
5,9,Ash et al. 2020,1,0,-0.008,,0.003,-2.666666667,1,2419,2285,22,1,0,0,1880,2011,0,1,0,0,1,0,0,0,0,100,Working Paper,2020,0.0001,0,25,0,0,0.002857143
5,10,Ash et al. 2020,1,0,-0.008,,0.003,-2.666666667,1,2361,2227,22,1,0,0,1880,2011,0,1,0,0,1,0,0,0,0,100,Working Paper,2020,0.0001,0,25,0,0,0.002857143
5,11,Ash et al. 2020,1,0,-0.007,,0.003,-2.333333333,1,2226,2092,22,1,0,0,1880,2011,0,1,0,0,1,0,0,1,0,100,Working Paper,2020,0.0001,0,25,0,0,0.0025
5,12,Ash et al. 2020,1,0,-0.007,,0.003,-2.333333333,1,2208,2205,22,1,0,0,1880,2011,0,1,0,0,1,0,0,1,0,100,Working Paper,2020,0.0001,0,25,0,0,0.0025
5,13,Ash et al. 2020,1,0,-0.007,,0.003,-2.333333333,1,2419,2263,22,1,0,0,1880,2011,0,1,0,0,1,0,0,0,0,100,Working Paper,2020,0.0001,0,25,0,0,0.0025
5,14,Ash et al. 2020,1,0,-0.004,,0.005,-0.8,1,2226,2070,22,1,0,0,1880,2011,0,1,0,0,1,0,0,0,0,100,Working Paper,2020,0.0001,0,25,0,0,0.001428571
5,15,Ash et al. 2020,1,0,-0.01,,0.003,-3.333333333,1,500,497,22,1,0,0,1880,2011,0,1,0,0,1,0,0,0,0,100,Working Paper,2020,0.0001,0,25,0,0,0.003571429
5,16,Ash et al. 2020,1,0,-0.007,,0.003,-2.333333333,1,500,366,22,1,0,0,1880,2011,0,1,0,0,1,0,0,0,0,100,Working Paper,2020,0.0001,0,25,0,0,0.0025
5,17,Ash et al. 2020,1,0,-0.007,,0.003,-2.333333333,1,500,366,22,1,0,0,1880,2011,0,1,0,0,1,0,0,0,0,100,Working Paper,2020,0.0001,0,25,0,0,0.0025
5,18,Ash et al. 2020,1,0,-0.008,,0.004,-2,1,500,366,22,1,0,0,1880,2011,0,1,0,0,1,0,0,1,0,100,Working Paper,2020,0.0001,0,25,0,0,0.002857143
5,19,Ash et al. 2020,1,0,-0.008,,0.004,-2,1,500,497,22,1,0,0,1880,2011,0,1,0,0,1,0,0,1,0,100,Working Paper,2020,0.0001,0,25,0,0,0.002857143
5,20,Ash et al. 2020,1,0,0.003,,0.007,0.428571429,1,500,344,22,1,0,0,1880,2011,0,1,0,0,1,0,0,0,0,100,Working Paper,2020,0.0001,0,25,0,0,0.001071429
5,21,Ash et al. 2020,1,0,0.0004,,0.007,0.057142857,1,500,344,22,1,0,0,1880,2011,0,1,0,0,1,0,0,0,0,100,Working Paper,2020,0.0001,0,25,0,0,0.000142857
5,22,Ash et al. 2020,1,0,-0.007,,0.004,-1.75,1,500,485,22,1,0,0,1880,2011,0,1,0,0,1,0,0,0,0,100,Working Paper,2020,0.0001,0,25,0,1,0.0025
5,23,Ash et al. 2020,1,1,-0.006,,0.002,-3,1,500,354,22,1,0,0,1880,2011,0,1,0,0,1,0,0,0,0,100,Working Paper,2020,0.0001,0,25,0,1,0.002142857
5,24,Ash et al. 2020,1,0,-0.006,,0.002,-3,1,500,354,22,1,0,0,1880,2011,0,1,0,0,1,0,0,0,0,100,Working Paper,2020,0.0001,0,25,0,1,0.002142857
5,25,Ash et al. 2020,1,0,-0.008,,0.003,-2.666666667,1,500,354,22,1,0,0,1880,2011,0,1,0,0,1,0,0,1,0,100,Working Paper,2020,0.0001,0,25,0,1,0.002857143
5,26,Ash et al. 2020,1,0,-0.009,,0.003,-3,1,500,485,22,1,0,0,1880,2011,0,1,0,0,1,0,0,1,0,100,Working Paper,2020,0.0001,0,25,0,1,0.003214286
5,27,Ash et al. 2020,1,0,-0.001,,0.004,-0.25,1,500,332,22,1,0,0,1880,2011,0,1,0,0,1,0,0,0,0,100,Working Paper,2020,0.0001,0,25,0,1,0.000357143
5,28,Ash et al. 2020,1,0,-0.007,,0.005,-1.4,1,500,332,22,1,0,0,1880,2011,0,1,0,0,1,0,0,0,0,100,Working Paper,2020,0.0001,0,25,0,1,0.0025
5,29,Ash et al. 2020,1,0,-0.019,,0.006,-3.166666667,1,1182,1179,22,1,0,0,1880,2011,0,1,0,0,1,0,0,0,0,100,Working Paper,2020,0.0001,0,25,0,0,0.006785714
5,30,Ash et al. 2020,1,0,-0.012,,0.004,-3,1,1182,1048,22,1,0,0,1880,2011,0,1,0,0,1,0,0,0,0,100,Working Paper,2020,0.0001,0,25,0,0,0.004285714
5,31,Ash et al. 2020,1,0,-0.01,,0.004,-2.5,1,1182,1048,22,1,0,0,1880,2011,0,1,0,0,1,0,0,0,0,100,Working Paper,2020,0.0001,0,25,0,0,0.003571429
5,32,Ash et al. 2020,1,0,-0.011,,0.007,-1.571428571,1,1182,1048,22,1,0,0,1880,2011,0,1,0,0,1,0,0,1,0,100,Working Paper,2020,0.0001,0,25,0,0,0.003928571
5,33,Ash et al. 2020,1,0,-0.011,,0.007,-1.571428571,1,1182,1179,22,1,0,0,1880,2011,0,1,0,0,1,0,0,1,0,100,Working Paper,2020,0.0001,0,25,0,0,0.003928571
5,34,Ash et al. 2020,1,0,-0.016,,0.005,-3.2,1,1182,1026,22,1,0,0,1880,2011,0,1,0,0,1,0,0,0,0,100,Working Paper,2020,0.0001,0,25,0,0,0.005714286
5,35,Ash et al. 2020,1,0,-0.013,,0.01,-1.3,1,1182,1026,22,1,0,0,1880,2011,0,1,0,0,1,0,0,0,0,100,Working Paper,2020,0.0001,0,25,0,0,0.004642857
5,36,Ash et al. 2020,1,0,-0.013,,0.007,-1.857142857,1,929,926,20,1,0,0,1955,2003,0,1,0,0,1,0,0,0,0,100,Working Paper,2020,0.0001,0,25,0,0,0.004642857
5,37,Ash et al. 2020,1,0,-0.011,,0.006,-1.833333333,1,929,795,20,1,0,0,1955,2003,0,1,0,0,1,0,0,0,0,100,Working Paper,2020,0.0001,0,25,0,0,0.003928571
5,38,Ash et al. 2020,1,0,-0.007,,0.006,-1.166666667,1,929,795,20,1,0,0,1955,2003,0,1,0,0,1,0,0,0,0,100,Working Paper,2020,0.0001,0,25,0,0,0.0025
5,39,Ash et al. 2020,1,0,-0.004,,0.01,-0.4,1,929,795,20,1,0,0,1955,2003,0,1,0,0,1,0,0,1,0,100,Working Paper,2020,0.0001,0,25,0,0,0.001428571
5,40,Ash et al. 2020,1,0,-0.003,,0.009,-0.333333333,1,929,926,20,1,0,0,1955,2003,0,1,0,0,1,0,0,1,0,100,Working Paper,2020,0.0001,0,25,0,0,0.001071429
5,41,Ash et al. 2020,1,0,-0.019,,0.007,-2.714285714,1,929,775,20,1,0,0,1955,2003,0,1,0,0,1,0,0,0,0,100,Working Paper,2020,0.0001,0,25,0,0,0.006785714
5,42,Ash et al. 2020,1,0,-0.012,,0.009,-1.333333333,1,929,775,20,1,0,0,1955,2003,0,1,0,0,1,0,0,0,0,100,Working Paper,2020,0.0001,0,25,0,0,0.004285714
5,43,Ash et al. 2020,1,0,0.004,,0.008,0.5,1,335,332,12,1,0,0,1975,2003,0,1,0,0,1,0,0,0,0,100,Working Paper,2020,0.0001,0,25,0,0,0.001428571
5,44,Ash et al. 2020,1,0,-0.002,,0.007,-0.285714286,1,335,201,12,1,0,0,1975,2003,0,1,0,0,1,0,0,0,0,100,Working Paper,2020,0.0001,0,25,0,0,0.000714286
5,45,Ash et al. 2020,1,0,0.001,,0.007,0.142857143,1,232,98,12,1,0,0,1975,2003,0,1,0,0,1,0,0,0,0,100,Working Paper,2020,0.0001,0,25,0,0,0.000357143
5,46,Ash et al. 2020,1,0,0.004,,0.012,0.333333333,1,275,141,12,1,0,0,1975,2003,0,1,0,0,1,0,0,1,0,100,Working Paper,2020,0.0001,0,25,0,0,0.001428571
5,47,Ash et al. 2020,1,0,0.004,,0.009,0.444444444,1,275,272,12,1,0,0,1975,2003,0,1,0,0,1,0,0,1,0,100,Working Paper,2020,0.0001,0,25,0,0,0.001428571
5,48,Ash et al. 2020,1,0,0.018,,0.015,1.2,1,335,189,12,1,0,0,1975,2003,0,1,0,0,1,0,0,0,0,100,Working Paper,2020,0.0001,0,25,0,0,0.006428571
5,49,Ash et al. 2020,1,0,0.056,,0.015,3.733333333,1,275,129,12,1,0,0,1975,2003,0,1,0,0,1,0,0,0,0,100,Working Paper,2020,0.0001,0,25,0,0,0.02
5,50,Ash et al. 2020,1,0,0.003,,0.005,0.6,1,342,339,18,1,0,0,1985,2003,0,1,0,0,1,0,0,0,0,100,Working Paper,2020,0.0001,0,25,0,0,0.001071429
5,51,Ash et al. 2020,1,0,-0.0004,,0.004,-0.1,1,342,208,18,1,0,0,1985,2003,0,1,0,0,1,0,0,0,0,100,Working Paper,2020,0.0001,0,25,0,0,0.000142857
5,52,Ash et al. 2020,1,0,-0.0003,,0.004,-0.075,1,324,190,18,1,0,0,1985,2003,0,1,0,0,1,0,0,0,0,100,Working Paper,2020,0.0001,0,25,0,0,0.000107143
5,53,Ash et al. 2020,1,0,-0.002,,0.005,-0.4,1,252,118,18,1,0,0,1985,2003,0,1,0,0,1,0,0,1,0,100,Working Paper,2020,0.0001,0,25,0,0,0.000714286
5,54,Ash et al. 2020,1,0,-0.002,,0.005,-0.4,1,252,249,18,1,0,0,1985,2003,0,1,0,0,1,0,0,1,0,100,Working Paper,2020,0.0001,0,25,0,0,0.000714286
5,55,Ash et al. 2020,1,0,0.019,,0.01,1.9,1,342,190,18,1,0,0,1985,2003,0,1,0,0,1,0,0,0,0,100,Working Paper,2020,0.0001,0,25,0,0,0.006785714
5,56,Ash et al. 2020,1,0,0.074,,0.04,1.85,1,252,100,18,1,0,0,1985,2003,0,1,0,0,1,0,0,0,0,100,Working Paper,2020,0.0001,0,25,0,0,0.026428571
5,57,Ash et al. 2020,1,0,0.002,,0.004,0.5,1,522,519,18,1,0,0,1975,2003,0,1,0,0,1,0,0,0,0,100,Working Paper,2020,0.0001,0,25,0,0,0.000714286
5,58,Ash et al. 2020,1,0,-0.001,,0.003,-0.333333333,1,522,388,18,1,0,0,1975,2003,0,1,0,0,1,0,0,0,0,100,Working Paper,2020,0.0001,0,25,0,0,0.000357143
5,59,Ash et al. 2020,1,0,-0.001,,0.003,-0.333333333,1,504,370,18,1,0,0,1975,2003,0,1,0,0,1,0,0,0,0,100,Working Paper,2020,0.0001,0,25,0,0,0.000357143
5,60,Ash et al. 2020,1,0,-0.001,,0.004,-0.25,1,432,298,18,1,0,0,1975,2003,0,1,0,0,1,0,0,1,0,100,Working Paper,2020,0.0001,0,25,0,0,0.000357143
5,61,Ash et al. 2020,1,0,-0.001,,0.004,-0.25,1,432,429,18,1,0,0,1975,2003,0,1,0,0,1,0,0,1,0,100,Working Paper,2020,0.0001,0,25,0,0,0.000357143
5,62,Ash et al. 2020,1,0,0.006,,0.011,0.545454545,1,522,370,18,1,0,0,1975,2003,0,1,0,0,1,0,0,0,0,100,Working Paper,2020,0.0001,0,25,0,0,0.002142857
5,63,Ash et al. 2020,1,0,0.016,,0.021,0.761904762,1,432,280,18,1,0,0,1975,2003,0,1,0,0,1,0,0,0,0,100,Working Paper,2020,0.0001,0,25,0,0,0.005714286
5,64,Ash et al. 2020,1,0,-0.017,,0.005,-3.4,1,1034,1031,22,1,0,0,1960,2011,0,1,0,0,1,0,0,0,0,100,Working Paper,2020,0.0001,0,25,0,0,0.006071429
5,65,Ash et al. 2020,1,0,-0.008,,0.004,-2,1,1034,900,22,1,0,0,1960,2011,0,1,0,0,1,0,0,0,0,100,Working Paper,2020,0.0001,0,25,0,0,0.002857143
5,66,Ash et al. 2020,1,0,-0.006,,0.005,-1.2,1,1011,877,22,1,0,0,1960,2011,0,1,0,0,1,0,0,0,0,100,Working Paper,2020,0.0001,0,25,0,0,0.002142857
5,67,Ash et al. 2020,1,0,-0.006,,0.008,-0.75,1,924,790,22,1,0,0,1960,2011,0,1,0,0,1,0,0,1,0,100,Working Paper,2020,0.0001,0,25,0,0,0.002142857
5,68,Ash et al. 2020,1,0,-0.007,,0.008,-0.875,1,924,921,22,1,0,0,1960,2011,0,1,0,0,1,0,0,1,0,100,Working Paper,2020,0.0001,0,25,0,0,0.0025
5,69,Ash et al. 2020,1,0,-0.014,,0.006,-2.333333333,1,1034,878,22,1,0,0,1960,2011,0,1,0,0,1,0,0,0,0,100,Working Paper,2020,0.0001,0,25,0,0,0.005
5,70,Ash et al. 2020,1,0,-0.012,,0.009,-1.333333333,1,924,768,22,1,0,0,1960,2011,0,1,0,0,1,0,0,0,0,100,Working Paper,2020,0.0001,0,25,0,0,0.004285714
5,71,Ash et al. 2020,1,0,-0.012,,0.005,-2.4,1,924,921,22,1,0,0,1965,2011,0,1,0,0,1,0,0,0,0,100,Working Paper,2020,0.0001,0,25,0,0,0.004285714
5,72,Ash et al. 2020,1,0,-0.006,,0.004,-1.5,1,924,790,22,1,0,0,1965,2011,0,1,0,0,1,0,0,0,0,100,Working Paper,2020,0.0001,0,25,0,0,0.002142857
5,73,Ash et al. 2020,1,0,-0.005,,0.004,-1.25,1,902,768,22,1,0,0,1965,2011,0,1,0,0,1,0,0,0,0,100,Working Paper,2020,0.0001,0,25,0,0,0.001785714
5,74,Ash et al. 2020,1,0,-0.002,,0.008,-0.25,1,814,680,22,1,0,0,1965,2011,0,1,0,0,1,0,0,1,0,100,Working Paper,2020,0.0001,0,25,0,0,0.000714286
5,75,Ash et al. 2020,1,0,-0.002,,0.008,-0.25,1,814,811,22,1,0,0,1965,2011,0,1,0,0,1,0,0,1,0,100,Working Paper,2020,0.0001,0,25,0,0,0.000714286
5,76,Ash et al. 2020,1,0,-0.01,,0.005,-2,1,924,768,22,1,0,0,1965,2011,0,1,0,0,1,0,0,0,0,100,Working Paper,2020,0.0001,0,25,0,0,0.003571429
5,77,Ash et al. 2020,1,0,-0.004,,0.011,-0.363636364,1,814,658,22,1,0,0,1965,2011,0,1,0,0,1,0,0,0,0,100,Working Paper,2020,0.0001,0,25,0,0,0.001428571
5,78,Ash et al. 2020,1,0,-0.004,,0.005,-0.8,1,814,811,22,1,0,0,1970,2011,0,1,0,0,1,0,0,0,0,100,Working Paper,2020,0.0001,0,25,0,0,0.001428571
5,79,Ash et al. 2020,1,0,-0.004,,0.004,-1,1,814,680,22,1,0,0,1970,2011,0,1,0,0,1,0,0,0,0,100,Working Paper,2020,0.0001,0,25,0,0,0.001428571
5,80,Ash et al. 2020,1,0,-0.002,,0.005,-0.4,1,792,658,22,1,0,0,1970,2011,0,1,0,0,1,0,0,0,0,100,Working Paper,2020,0.0001,0,25,0,0,0.000714286
5,81,Ash et al. 2020,1,0,-0.001,,0.008,-0.125,1,704,570,22,1,0,0,1970,2011,0,1,0,0,1,0,0,1,0,100,Working Paper,2020,0.0001,0,25,0,0,0.000357143
5,82,Ash et al. 2020,1,0,-0.001,,0.008,-0.125,1,704,701,22,1,0,0,1970,2011,0,1,0,0,1,0,0,1,0,100,Working Paper,2020,0.0001,0,25,0,0,0.000357143
5,83,Ash et al. 2020,1,0,-0.004,,0.006,-0.666666667,1,814,658,22,1,0,0,1970,2011,0,1,0,0,1,0,0,0,0,100,Working Paper,2020,0.0001,0,25,0,0,0.001428571
5,84,Ash et al. 2020,1,0,0.004,,0.013,0.307692308,1,704,548,22,1,0,0,1970,2011,0,1,0,0,1,0,0,0,0,100,Working Paper,2020,0.0001,0,25,0,0,0.001428571
5,85,Ash et al. 2020,1,0,-0.0004,,0.004,-0.1,1,342,335,18,1,0,0,1985,2003,1,1,0,0,1,0,0,0,0,100,Working Paper,2020,0.0001,0,25,0,0,0.000142857
5,86,Ash et al. 2020,1,0,0.019,,0.01,1.9,1,342,317,18,1,0,0,1985,2003,1,1,0,0,1,0,0,0,0,100,Working Paper,2020,0.0001,0,25,0,0,0.006785714
5,87,Ash et al. 2020,1,0,0.004,,0.006,0.666666667,1,342,328,18,1,0,0,1985,2003,1,1,0,0,1,0,0,0,0,100,Working Paper,2020,0.0001,0,25,0,1,0.001428571
5,88,Ash et al. 2020,1,0,0.009,,0.008,1.125,1,342,310,18,1,0,0,1985,2003,1,1,0,0,1,0,0,0,0,100,Working Paper,2020,0.0001,0,25,0,1,0.003214286
5,89,Ash et al. 2020,1,0,-0.001,,0.004,-0.25,1,342,334,18,1,0,0,1985,2003,1,1,0,0,1,0,0,0,0,100,Working Paper,2020,0.0001,0,25,0,0,0.000357143
5,90,Ash et al. 2020,1,0,-0.007,,0.012,-0.583333333,1,342,316,18,1,0,0,1985,2003,1,1,0,0,1,0,0,0,0,100,Working Paper,2020,0.0001,0,25,0,0,0.0025
5,91,Ash et al. 2020,1,0,-0.002,,0.005,-0.4,1,342,327,18,1,0,0,1985,2003,1,1,0,0,1,0,0,0,0,100,Working Paper,2020,0.0001,0,25,0,1,0.000714286
5,92,Ash et al. 2020,1,0,-0.016,,0.006,-2.666666667,1,342,309,18,1,0,0,1985,2003,1,1,0,0,1,0,0,0,0,100,Working Paper,2020,0.0001,0,25,0,1,0.005714286
5,93,Ash et al. 2020,1,0,-0.0004,,0.004,-0.1,1,324,316,18,1,0,0,1985,2003,1,1,0,0,1,0,0,0,0,100,Working Paper,2020,0.0001,0,25,0,0,0.000142857
5,94,Ash et al. 2020,1,0,0.02,,0.01,2,1,324,298,18,1,0,0,1985,2003,1,1,0,0,1,0,0,0,0,100,Working Paper,2020,0.0001,0,25,0,0,0.007142857
5,95,Ash et al. 2020,1,0,0.001,,0.006,0.166666667,1,324,309,18,1,0,0,1985,2003,1,1,0,0,1,0,0,0,0,100,Working Paper,2020,0.0001,0,25,0,1,0.000357143
5,96,Ash et al. 2020,1,0,0.008,,0.007,1.142857143,1,324,291,18,1,0,0,1985,2003,1,1,0,0,1,0,0,0,0,100,Working Paper,2020,0.0001,0,25,0,1,0.002857143
5,97,Ash et al. 2020,1,0,-0.0004,,0.004,-0.1,1,306,297,18,1,0,0,1985,2003,1,1,0,0,1,0,0,0,0,100,Working Paper,2020,0.0001,0,25,0,0,0.000142857
5,98,Ash et al. 2020,1,0,-0.0003,,0.004,-0.075,1,306,279,18,1,0,0,1985,2003,1,1,0,0,1,0,0,0,0,100,Working Paper,2020,0.0001,0,25,0,0,0.000107143
5,99,Ash et al. 2020,1,0,-0.0002,,0.004,-0.05,1,306,290,18,1,0,0,1985,2003,1,1,0,0,1,0,0,0,0,100,Working Paper,2020,0.0001,0,25,0,1,7.14E-05
5,100,Ash et al. 2020,1,0,-0.0004,,0.004,-0.1,1,306,272,18,1,0,0,1985,2003,1,1,0,0,1,0,0,0,0,100,Working Paper,2020,0.0001,0,25,0,1,0.000142857
6,1,Ahlborn and Schweickert 2018,1,0,0.000061,,0.003836478,0.0159,1,636,504,111,1,0,0,1971,2010,1,0,0,1,0,1,0,0,0,4,International Economics and Economic Policy,2018,0.0001,1,28,1,1,2.18E-05
6,2,Ahlborn and Schweickert 2018,1,0,-0.00359,,0.008930348,-0.402,1,575,443,111,1,1,0,1971,2010,1,0,0,1,0,1,0,1,0,4,International Economics and Economic Policy,2018,0.0001,1,28,1,1,0.001282143
6,3,Ahlborn and Schweickert 2018,1,0,-0.021156,-0.021156,0.017524355,-1.207234132,1,636,503,111,1,0,0,1971,2010,1,0,0,1,0,1,0,0,0,4,International Economics and Economic Policy,2018,0.0001,1,28,1,1,0.007555714
6,4,Ahlborn and Schweickert 2018,1,0,-0.033492,,0.031364543,-1.06783,1,575,442,111,1,1,0,1971,2010,1,0,0,1,0,1,0,1,0,4,International Economics and Economic Policy,2018,0.0001,1,28,1,1,0.011961429
9,1,Baum et al. 2013,1,0,0.0697,,0.0209,3.33492823,1,128,107,12,0,1,0,1990,2007,0,1,0,0,1,0,0,0,1,11,Journal of International Money and Finance,2013,2.014,1,560,1,0,0.024892857
9,2,Baum et al. 2013,1,0,0.0082,,0.0095,0.863157895,1,88,67,12,0,1,0,1990,2007,0,1,0,0,1,0,0,0,1,11,Journal of International Money and Finance,2013,2.014,1,560,1,0,0.002928571
9,3,Baum et al. 2013,1,0,0.0668,,0.0148,4.513513514,1,125,104,12,0,1,0,1990,2007,0,1,0,0,1,0,0,0,1,11,Journal of International Money and Finance,2013,2.014,1,560,1,0,0.023857143
9,4,Baum et al. 2013,1,0,0.0124,,0.0104,1.192307692,1,91,70,12,0,1,0,1990,2007,0,1,0,0,1,0,0,0,1,11,Journal of International Money and Finance,2013,2.014,1,560,1,0,0.004428571
9,5,Baum et al. 2013,1,1,0.047,,0.0182,2.582417582,1,168,147,12,0,1,0,1990,2010,0,1,0,0,1,0,0,0,1,11,Journal of International Money and Finance,2013,2.014,1,560,1,0,0.016785714
9,6,Baum et al. 2013,1,1,-0.0411,,0.0144,-2.854166667,1,85,64,12,0,1,0,1990,2010,0,1,0,0,1,0,0,0,1,11,Journal of International Money and Finance,2013,2.014,1,560,1,0,0.014678571
9,7,Baum et al. 2013,1,0,0.0351,,0.0107,3.280373832,1,198,177,12,0,1,0,1990,2010,0,1,0,0,1,0,0,0,1,11,Journal of International Money and Finance,2013,2.014,1,560,1,0,0.012535714
9,8,Baum et al. 2013,1,0,-0.0588,,0.02,-2.94,1,55,34,12,0,1,0,1990,2010,0,1,0,0,1,0,0,0,1,11,Journal of International Money and Finance,2013,2.014,1,560,1,0,0.021
9,9,Baum et al. 2013,1,0,0.0496,,0.0137,3.620437956,1,154,133,12,0,1,0,1990,2010,0,1,0,0,1,0,0,0,1,11,Journal of International Money and Finance,2013,2.014,1,560,1,0,0.017714286
9,10,Baum et al. 2013,1,0,0.0146,0.0146,0.0114,1.280701754,1,44,23,12,0,1,0,1990,2010,0,1,0,0,1,0,0,0,1,11,Journal of International Money and Finance,2013,2.014,1,560,1,0,0.005214286
9,11,Baum et al. 2013,1,0,-0.0591,,0.02,-2.955,1,55,34,12,0,1,0,1990,2010,0,1,0,0,1,0,0,0,1,11,Journal of International Money and Finance,2013,2.014,1,560,1,0,0.021107143
10,1,Bilan and Ihnatov 2015,1,1,0.0253824,0.0253824,0.039740103,0.638709969,1,405,363,33,1,0,0,1990,2011,0,0,0,1,1,0,0,0,0,3,International Journal of Economic Sciences,2015,0.0001,1,16,1,0,0.009065143
10,2,Bilan and Ihnatov 2015,1,0,0.0266176,,0.041102601,0.647589182,1,330,294,27,1,0,0,1990,2011,0,1,0,0,1,0,0,0,0,3,International Journal of Economic Sciences,2015,0.0001,1,16,1,0,0.009506286
10,3,Bilan and Ihnatov 2015,1,0,-0.205848,,0.160385722,-1.283455889,1,330,294,27,1,0,0,1990,2011,0,0,1,0,1,0,0,0,0,3,International Journal of Economic Sciences,2015,0.0001,1,16,1,0,0.073517143
11,1,Bonga et al. 2015,1,1,-0.3842144,-0.3842144,0.0553311,-6.943914001,1,34,26,1,1,0,0,1980,2013,0,0,1,0,1,0,0,0,0,1,IOSR Journal of Economics and Finance,2015,0.0001,1,12,1,0,0.137219429
12,1,Calderon and Rodrigo Fuentes 2013,1,0,-0.027715936,-0.027715936,0.014150696,-1.958627087,1,739,613,116,1,0,0,1970,2010,1,0,0,1,1,0,0,0,0,12,Inter-American Development Bank Working Paper Series,2013,0.0001,0,48,0,1,0.009898549
12,2,Calderon and Rodrigo Fuentes 2013,1,0,-0.020112891,,0.013730638,-1.464818356,1,737,610,116,1,0,0,1970,2010,1,0,0,1,1,0,0,0,0,12,Inter-American Development Bank Working Paper Series,2013,0.0001,0,48,0,1,0.007183175
12,3,Calderon and Rodrigo Fuentes 2013,1,0,0.145444999,,0.061459701,2.366510038,1,739,612,116,1,0,0,1970,2010,1,0,0,1,1,0,0,0,0,12,Inter-American Development Bank Working Paper Series,2013,0.0001,0,48,0,1,0.051944643
12,4,Calderon and Rodrigo Fuentes 2013,1,1,-0.018114991,,0.013651877,-1.326923077,1,739,612,116,1,0,0,1970,2010,1,0,0,1,1,0,0,0,0,12,Inter-American Development Bank Working Paper Series,2013,0.0001,0,48,0,1,0.00646964
12,5,Calderon and Rodrigo Fuentes 2013,1,0,-0.027668679,,0.01396692,-1.981015038,1,739,616,116,1,0,0,1970,2010,1,0,0,1,1,0,0,0,0,12,Inter-American Development Bank Working Paper Series,2013,0.0001,0,48,0,0,0.009881671
12,6,Calderon and Rodrigo Fuentes 2013,1,1,-0.069845104,,0.019532686,-3.575806452,1,739,615,116,1,0,0,1970,2010,1,0,0,1,1,0,0,0,0,12,Inter-American Development Bank Working Paper Series,2013,0.0001,0,48,0,0,0.02494468
12,7,Calderon and Rodrigo Fuentes 2013,1,0,-0.058781833,,0.017878708,-3.287812041,1,737,613,116,1,0,0,1970,2010,1,0,0,1,1,0,0,0,0,12,Inter-American Development Bank Working Paper Series,2013,0.0001,0,48,0,0,0.020993512
12,8,Calderon and Rodrigo Fuentes 2013,1,0,-0.066377002,,0.021580467,-3.075790754,1,739,614,116,1,0,0,1970,2010,1,0,0,1,1,0,0,0,0,12,Inter-American Development Bank Working Paper Series,2013,0.0001,0,48,0,0,0.023706072
12,9,Calderon and Rodrigo Fuentes 2013,1,0,-0.058343397,,0.018850092,-3.095125348,1,737,611,116,1,0,0,1970,2010,1,0,0,1,1,0,0,0,0,12,Inter-American Development Bank Working Paper Series,2013,0.0001,0,48,0,0,0.020836928
12,10,Calderon and Rodrigo Fuentes 2013,1,0,-0.027868207,,0.014229457,-1.958487085,1,739,615,116,1,0,0,1970,2010,1,0,0,1,1,0,0,0,0,12,Inter-American Development Bank Working Paper Series,2013,0.0001,0,48,0,0,0.009952931
12,11,Calderon and Rodrigo Fuentes 2013,1,0,-0.021593594,,0.032738252,-0.659582999,1,739,613,116,1,0,0,1970,2010,1,0,0,1,1,0,0,0,0,12,Inter-American Development Bank Working Paper Series,2013,0.0001,0,48,0,0,0.007711998
12,12,Calderon and Rodrigo Fuentes 2013,1,0,-0.023822526,,0.034208454,-0.696392939,1,737,610,116,1,0,0,1970,2010,1,0,0,1,1,0,0,0,0,12,Inter-American Development Bank Working Paper Series,2013,0.0001,0,48,0,0,0.008508045
13,1,Cecchetti et al. 2011,1,1,-0.0167,,0.005,-3.34,1,383,328,18,1,0,0,1980,2006,0,1,0,0,1,0,0,0,0,14,BIS Working Paper,2011,0.0001,0,1105,0,1,0.005964286
13,2,Cecchetti et al. 2011,1,1,-0.018,-0.018,0.006,-3,1,354,298,18,1,0,0,1980,2006,0,1,0,0,1,0,0,0,0,14,BIS Working Paper,2011,0.0001,0,1105,0,1,0.006428571
13,3,Cecchetti et al. 2011,1,0,-0.0174,,0.006,-2.9,1,383,327,18,1,0,0,1980,2006,0,1,0,0,1,0,0,0,0,14,BIS Working Paper,2011,0.0001,0,1105,0,1,0.006214286
13,4,Cecchetti et al. 2011,1,0,-0.0175,,0.006,-2.916666667,1,354,298,18,1,0,0,1980,2006,0,1,0,0,1,0,0,0,0,14,BIS Working Paper,2011,0.0001,0,1105,0,1,0.00625
13,5,Cecchetti et al. 2011,1,0,-0.0208,,0.004,-5.2,1,362,305,18,1,0,0,1980,2006,0,1,0,0,1,0,0,0,0,14,BIS Working Paper,2011,0.0001,0,1105,0,1,0.007428571
13,6,Cecchetti et al. 2011,1,0,-0.024,,0.006,-4,1,354,296,18,1,0,0,1980,2006,0,1,0,0,1,0,0,0,0,14,BIS Working Paper,2011,0.0001,0,1105,0,1,0.008571429
13,7,Cecchetti et al. 2011,1,0,-0.0226,,0.005,-4.52,1,362,304,18,1,0,0,1980,2006,0,1,0,0,1,0,0,0,0,14,BIS Working Paper,2011,0.0001,0,1105,0,1,0.008071429
13,8,Cecchetti et al. 2011,1,0,-0.0218,,0.004,-5.45,1,354,296,18,1,0,0,1980,2006,0,1,0,0,1,0,0,0,0,14,BIS Working Paper,2011,0.0001,0,1105,0,1,0.007785714
13,9,Cecchetti et al. 2011,1,0,-0.024,,0.005,-4.8,1,354,295,18,1,0,0,1980,2006,0,1,0,0,1,0,0,0,0,14,BIS Working Paper,2011,0.0001,0,1105,0,1,0.008571429
13,10,Cecchetti et al. 2011,1,0,-0.0164,,0.007,-2.342857143,1,383,329,18,1,0,0,1980,2006,0,1,0,0,1,0,0,0,0,14,BIS Working Paper,2011,0.0001,0,1105,0,1,0.005857143
13,11,Cecchetti et al. 2011,1,0,-0.0169,,0.007,-2.414285714,1,354,299,18,1,0,0,1980,2006,0,1,0,0,1,0,0,0,0,14,BIS Working Paper,2011,0.0001,0,1105,0,1,0.006035714
13,12,Cecchetti et al. 2011,1,0,-0.0191,,0.006,-3.183333333,1,383,328,18,1,0,0,1980,2006,0,1,0,0,1,0,0,0,0,14,BIS Working Paper,2011,0.0001,0,1105,0,1,0.006821429
13,13,Cecchetti et al. 2011,1,0,-0.0136,,0.008,-1.7,1,354,299,18,1,0,0,1980,2006,0,1,0,0,1,0,0,0,0,14,BIS Working Paper,2011,0.0001,0,1105,0,1,0.004857143
13,14,Cecchetti et al. 2011,1,0,-0.0165,,0.007,-2.357142857,1,354,298,18,1,0,0,1980,2006,0,1,0,0,1,0,0,0,0,14,BIS Working Paper,2011,0.0001,0,1105,0,1,0.005892857
14,1,Ceh Casni et al. 2014,1,1,-0.0323,-0.0323,0.0041,-7.87804878,1,130,122,14,0,0,0,2000,2011,0,0,0,1,0,1,0,0,0,2,Proceedings of Rijeka Faculty of Economics,2014,0.0001,1,21,1,0,0.011535714
14,2,Ceh Casni et al. 2014,1,1,-0.201,,0.089,-2.258426966,1,130,122,14,0,0,0,2000,2011,0,0,0,1,0,0,1,0,0,2,Proceedings of Rijeka Faculty of Economics,2014,0.0001,1,21,1,0,0.071785714
15,1,Eberhardt and Presbitero 2015,1,1,-0.0031,,0.0027,-1.148148148,1,4588,4463,118,0,0,0,1960,2012,0,0,0,1,0,1,0,1,0,24,Journal of International Economics,2015,2.255,1,385,0,0,0.001107143
15,2,Eberhardt and Presbitero 2015,1,0,-0.007,,0.006,-1.166666667,1,4588,4463,118,0,0,0,1960,2012,0,0,0,1,0,0,1,1,0,24,Journal of International Economics,2015,2.255,1,385,0,0,0.0025
15,3,Eberhardt and Presbitero 2015,1,1,0.005,,0.0014,3.571428571,1,4588,4463,118,0,0,0,1960,2012,0,0,0,1,0,1,0,1,0,24,Journal of International Economics,2015,2.255,1,385,0,0,0.001785714
15,4,Eberhardt and Presbitero 2015,1,0,0.001,,0.005,0.2,1,4588,4463,118,0,0,0,1960,2012,0,0,0,1,0,0,1,1,0,24,Journal of International Economics,2015,2.255,1,385,0,0,0.000357143
15,5,Eberhardt and Presbitero 2015,1,1,-0.001,,0.0011,-0.909090909,1,4588,4463,118,0,0,0,1960,2012,0,0,0,1,0,1,0,1,0,24,Journal of International Economics,2015,2.255,1,385,0,0,0.000357143
15,6,Eberhardt and Presbitero 2015,1,0,-0.0016,,0.0011,-1.454545455,1,4588,4463,118,0,0,0,1960,2012,0,0,0,1,0,1,0,1,0,24,Journal of International Economics,2015,2.255,1,385,0,0,0.000571429
15,7,Eberhardt and Presbitero 2015,1,0,-0.012,,0.006,-2,1,4588,4463,118,0,0,0,1960,2012,0,0,0,1,0,0,1,1,0,24,Journal of International Economics,2015,2.255,1,385,0,0,0.004285714
15,8,Eberhardt and Presbitero 2015,1,0,0.0041,,0.0011,3.727272727,1,4588,4463,118,0,0,0,1960,2012,0,0,0,1,0,1,0,1,0,24,Journal of International Economics,2015,2.255,1,385,0,0,0.001464286
15,9,Eberhardt and Presbitero 2015,1,0,0.0044,,0.0011,4,1,4588,4463,118,0,0,0,1960,2012,0,0,0,1,0,1,0,1,0,24,Journal of International Economics,2015,2.255,1,385,0,0,0.001571429
15,10,Eberhardt and Presbitero 2015,1,0,0.008,,0.007,1.142857143,1,4588,4463,118,0,0,0,1960,2012,0,0,0,1,0,0,1,1,0,24,Journal of International Economics,2015,2.255,1,385,0,0,0.002857143
15,11,Eberhardt and Presbitero 2015,1,1,0.003,,0.0012,2.5,1,4562,4437,118,0,0,0,1960,2012,0,0,0,1,0,1,0,1,0,24,Journal of International Economics,2015,2.255,1,385,0,0,0.001071429
15,12,Eberhardt and Presbitero 2015,1,0,0.0039,,0.0011,3.545454545,1,4562,4437,118,0,0,0,1960,2012,0,0,0,1,0,1,0,1,0,24,Journal of International Economics,2015,2.255,1,385,0,0,0.001392857
15,13,Eberhardt and Presbitero 2015,1,0,0.003,,0.007,0.428571429,1,4562,4437,118,0,0,0,1960,2012,0,0,0,1,0,0,1,1,0,24,Journal of International Economics,2015,2.255,1,385,0,0,0.001071429
15,14,Eberhardt and Presbitero 2015,1,0,0.0027,,0.0013,2.076923077,1,4536,4411,118,0,0,0,1960,2012,0,0,0,1,0,1,0,1,0,24,Journal of International Economics,2015,2.255,1,385,0,0,0.000964286
15,15,Eberhardt and Presbitero 2015,1,0,0.0035,0.0035,0.0013,2.692307692,1,4536,4411,118,0,0,0,1960,2012,0,0,0,1,0,1,0,1,0,24,Journal of International Economics,2015,2.255,1,385,0,0,0.00125
15,16,Eberhardt and Presbitero 2015,1,0,0.004,,0.006,0.666666667,1,4536,4411,118,0,0,0,1960,2012,0,0,0,1,0,0,1,1,0,24,Journal of International Economics,2015,2.255,1,385,0,0,0.001428571
15,17,Eberhardt and Presbitero 2015,1,0,-0.057,,0.011,-5.181818182,1,4676,4551,118,0,0,0,1960,2012,0,0,0,1,1,0,0,1,0,24,Journal of International Economics,2015,2.255,1,385,0,0,0.020357143
15,18,Eberhardt and Presbitero 2015,1,0,0.0239654,,0.011712413,2.046153861,1,4676,4550,118,0,0,0,1960,2012,0,0,0,1,1,0,0,1,0,24,Journal of International Economics,2015,2.255,1,385,0,0,0.008559071
15,19,Eberhardt and Presbitero 2015,1,0,-0.004,,0.01,-0.4,1,4676,4551,118,0,0,0,1960,2012,0,0,0,1,1,0,0,1,0,24,Journal of International Economics,2015,2.255,1,385,0,0,0.001428571
15,20,Eberhardt and Presbitero 2015,1,0,0.0403862,,0.009309447,4.338195157,1,4676,4550,118,0,0,0,1960,2012,0,0,0,1,1,0,0,1,0,24,Journal of International Economics,2015,2.255,1,385,0,0,0.014423643
15,21,Eberhardt and Presbitero 2015,1,0,0.001,,0.016,0.0625,1,2140,2079,54,0,0,0,1960,2012,0,0,0,1,1,0,0,1,0,24,Journal of International Economics,2015,2.255,1,385,0,0,0.000357143
15,22,Eberhardt and Presbitero 2015,1,0,0.0423862,,0.012414459,3.414260645,1,2140,2078,54,0,0,0,1960,2012,0,0,0,1,1,0,0,1,0,24,Journal of International Economics,2015,2.255,1,385,0,0,0.015137929
15,23,Eberhardt and Presbitero 2015,1,0,0.021,,0.022,0.954545455,1,1110,1075,28,0,0,0,1960,2012,0,0,0,1,1,0,0,1,0,24,Journal of International Economics,2015,2.255,1,385,0,0,0.0075
15,24,Eberhardt and Presbitero 2015,1,0,0.0510674,,0.020822068,2.452561346,1,1110,1074,28,0,0,0,1960,2012,0,0,0,1,1,0,0,1,0,24,Journal of International Economics,2015,2.255,1,385,0,0,0.018238357
16,1,Fincke and Greiner 2015,1,1,0.0028,,0.000852,3.286384977,1,48,32,8,1,1,0,1980,2012,1,0,1,0,1,0,0,0,0,4,South African Journal of Economics,2015,1.035,1,43,1,1,0.001
16,2,Fincke and Greiner 2015,1,0,0.0028,,0.00102,2.745098039,1,48,39,8,1,1,0,1980,2012,1,0,1,0,1,0,0,0,0,4,South African Journal of Economics,2015,1.035,1,43,1,1,0.001
16,3,Fincke and Greiner 2015,1,0,0.0015,0.0015,0.000876,1.712328767,1,64,48,8,1,1,0,1980,2012,1,0,1,0,1,0,0,0,0,4,South African Journal of Economics,2015,1.035,1,43,1,1,0.000535714
16,4,Fincke and Greiner 2015,1,0,0.0015,,0.000847,1.770956316,1,64,55,8,1,1,0,1980,2012,1,0,1,0,1,0,0,0,0,4,South African Journal of Economics,2015,1.035,1,43,1,1,0.000535714
17,1,Gomez-Puig and Sosvilla-Rivero 2018,1,0,-0.0129,,0.002975779,-4.335,1,53,37,1,0,1,0,1961,2013,0,1,0,0,0,1,0,0,0,22,Acta Oeconomica,2018,0.914,1,31,1,0,0.004607143
17,2,Gomez-Puig and Sosvilla-Rivero 2018,1,0,-0.0062,,0.001124819,-5.512,1,53,37,1,0,1,0,1961,2013,0,1,0,0,0,1,0,0,0,22,Acta Oeconomica,2018,0.914,1,31,1,0,0.002214286
17,3,Gomez-Puig and Sosvilla-Rivero 2018,1,1,-0.0049,,0.000953864,-5.137,1,53,37,1,0,1,0,1961,2013,0,1,0,0,0,1,0,0,0,22,Acta Oeconomica,2018,0.914,1,31,1,0,0.00175
17,4,Gomez-Puig and Sosvilla-Rivero 2018,1,1,-0.0544,,0.0092722,-5.867,1,53,37,1,0,1,0,1961,2013,0,1,0,0,0,1,0,0,0,22,Acta Oeconomica,2018,0.914,1,31,1,0,0.019428571
17,5,Gomez-Puig and Sosvilla-Rivero 2018,1,0,-0.004,,0.001275917,-3.135,1,53,37,1,0,1,0,1961,2013,0,1,0,0,0,1,0,0,0,22,Acta Oeconomica,2018,0.914,1,31,1,0,0.001428571
17,6,Gomez-Puig and Sosvilla-Rivero 2018,1,0,-0.0079,,0.002519936,-3.135,1,53,37,1,0,1,0,1961,2013,0,1,0,0,0,1,0,0,0,22,Acta Oeconomica,2018,0.914,1,31,1,0,0.002821429
17,7,Gomez-Puig and Sosvilla-Rivero 2018,1,0,-0.0049,,0.000629577,-7.783,1,53,37,1,0,1,0,1961,2013,0,1,0,0,0,1,0,0,0,22,Acta Oeconomica,2018,0.914,1,31,1,0,0.00175
17,8,Gomez-Puig and Sosvilla-Rivero 2018,1,0,-0.0083,,0.001234568,-6.723,1,53,37,1,0,1,0,1961,2013,0,1,0,0,0,1,0,0,0,22,Acta Oeconomica,2018,0.914,1,31,1,0,0.002964286
17,9,Gomez-Puig and Sosvilla-Rivero 2018,1,0,-0.0097,,0.001325499,-7.318,1,53,37,1,0,1,0,1961,2013,0,1,0,0,0,1,0,0,0,22,Acta Oeconomica,2018,0.914,1,31,1,0,0.003464286
17,10,Gomez-Puig and Sosvilla-Rivero 2018,1,0,-0.0354,,0.005587121,-6.336,1,53,37,1,0,1,0,1961,2013,0,1,0,0,0,1,0,0,0,22,Acta Oeconomica,2018,0.914,1,31,1,0,0.012642857
17,11,Gomez-Puig and Sosvilla-Rivero 2018,1,0,-0.0336,,0.006897968,-4.871,1,53,37,1,0,1,0,1961,2013,0,1,0,0,0,1,0,0,0,22,Acta Oeconomica,2018,0.914,1,31,1,0,0.012
17,12,Gomez-Puig and Sosvilla-Rivero 2018,1,0,-0.331,,0.110554442,-2.994,1,53,37,1,0,1,0,1961,2013,0,1,0,0,0,0,1,0,0,22,Acta Oeconomica,2018,0.914,1,31,1,0,0.118214286
17,13,Gomez-Puig and Sosvilla-Rivero 2018,1,0,-0.186,,0.042797975,-4.346,1,53,37,1,0,1,0,1961,2013,0,1,0,0,0,0,1,0,0,22,Acta Oeconomica,2018,0.914,1,31,1,0,0.066428571
17,14,Gomez-Puig and Sosvilla-Rivero 2018,1,0,-0.059,,0.011919192,-4.95,1,53,37,1,0,1,0,1961,2013,0,1,0,0,0,0,1,0,0,22,Acta Oeconomica,2018,0.914,1,31,1,0,0.021071429
17,15,Gomez-Puig and Sosvilla-Rivero 2018,1,0,-0.054,,0.016605166,-3.252,1,53,37,1,0,1,0,1961,2013,0,1,0,0,0,0,1,0,0,22,Acta Oeconomica,2018,0.914,1,31,1,0,0.019285714
17,16,Gomez-Puig and Sosvilla-Rivero 2018,1,0,0.375,,0.096599691,3.882,1,53,37,1,0,1,0,1961,2013,0,1,0,0,0,0,1,0,0,22,Acta Oeconomica,2018,0.914,1,31,1,0,0.133928571
17,17,Gomez-Puig and Sosvilla-Rivero 2018,1,0,-0.195,,0.052250804,-3.732,1,53,37,1,0,1,0,1961,2013,0,1,0,0,0,0,1,0,0,22,Acta Oeconomica,2018,0.914,1,31,1,0,0.069642857
17,18,Gomez-Puig and Sosvilla-Rivero 2018,1,1,-0.077,,0.01973347,-3.902,1,53,37,1,0,1,0,1961,2013,0,1,0,0,0,0,1,0,0,22,Acta Oeconomica,2018,0.914,1,31,1,0,0.0275
17,19,Gomez-Puig and Sosvilla-Rivero 2018,1,0,-0.143,,0.038502962,-3.714,1,53,37,1,0,1,0,1961,2013,0,1,0,0,0,0,1,0,0,22,Acta Oeconomica,2018,0.914,1,31,1,0,0.051071429
17,20,Gomez-Puig and Sosvilla-Rivero 2018,1,0,-0.031,-0.031,0.007876016,-3.936,1,53,37,1,0,1,0,1961,2013,0,1,0,0,0,0,1,0,0,22,Acta Oeconomica,2018,0.914,1,31,1,0,0.011071429
17,21,Gomez-Puig and Sosvilla-Rivero 2018,1,1,0.063,,0.019767807,3.187,1,53,37,1,0,1,0,1961,2013,0,1,0,0,0,0,1,0,0,22,Acta Oeconomica,2018,0.914,1,31,1,0,0.0225
17,22,Gomez-Puig and Sosvilla-Rivero 2018,1,0,0.067,,0.023247745,2.882,1,53,37,1,0,1,0,1961,2013,0,1,0,0,0,0,1,0,0,22,Acta Oeconomica,2018,0.914,1,31,1,0,0.023928571
18,1,Habimana 2017,1,0,-0.067,,0.015,-4.466666667,1,294,291,20,0,0,0,1946,2009,0,1,0,0,1,0,0,0,0,12,Empirical Economics Letters,2017,0.0001,1,1,0,0,0.023928571
18,2,Habimana 2017,1,0,-0.069,,0.016,-4.3125,1,294,291,20,0,0,0,1946,2009,0,1,0,0,1,0,0,0,0,12,Empirical Economics Letters,2017,0.0001,1,1,0,0,0.024642857
18,3,Habimana 2017,1,1,-0.073,,0.017,-4.294117647,1,294,271,20,0,0,0,1946,2009,0,1,0,0,1,0,0,0,0,12,Empirical Economics Letters,2017,0.0001,1,1,0,0,0.026071429
18,4,Habimana 2017,1,0,-0.006,,0.011,-0.545454545,1,294,291,20,0,0,0,1946,2009,0,1,0,0,1,0,0,0,0,12,Empirical Economics Letters,2017,0.0001,1,1,0,0,0.002142857
18,5,Habimana 2017,1,0,-0.007,,0.011,-0.636363636,1,294,291,20,0,0,0,1946,2009,0,1,0,0,1,0,0,0,0,12,Empirical Economics Letters,2017,0.0001,1,1,0,0,0.0025
18,6,Habimana 2017,1,1,-0.01,,0.011,-0.909090909,1,294,271,20,0,0,0,1946,2009,0,1,0,0,1,0,0,0,0,12,Empirical Economics Letters,2017,0.0001,1,1,0,0,0.003571429
18,7,Habimana 2017,1,0,-0.007,,0.013,-0.538461538,1,294,291,20,0,0,0,1946,2009,0,1,0,0,1,0,0,0,0,12,Empirical Economics Letters,2017,0.0001,1,1,0,0,0.0025
18,8,Habimana 2017,1,0,-0.01,,0.014,-0.714285714,1,294,291,20,0,0,0,1946,2009,0,1,0,0,1,0,0,0,0,12,Empirical Economics Letters,2017,0.0001,1,1,0,0,0.003571429
18,9,Habimana 2017,1,1,-0.014,,0.014,-1,1,294,271,20,0,0,0,1946,2009,0,1,0,0,1,0,0,0,0,12,Empirical Economics Letters,2017,0.0001,1,1,0,0,0.005
18,10,Habimana 2017,1,0,-0.019,,0.008,-2.375,1,294,291,20,0,0,0,1946,2009,0,1,0,0,1,0,0,0,0,12,Empirical Economics Letters,2017,0.0001,1,1,0,0,0.006785714
18,11,Habimana 2017,1,0,-0.018,,0.008,-2.25,1,294,291,20,0,0,0,1946,2009,0,1,0,0,1,0,0,0,0,12,Empirical Economics Letters,2017,0.0001,1,1,0,0,0.006428571
18,12,Habimana 2017,1,1,-0.017,-0.017,0.009,-1.888888889,1,294,271,20,0,0,0,1946,2009,0,1,0,0,1,0,0,0,0,12,Empirical Economics Letters,2017,0.0001,1,1,0,0,0.006071429
19,1,Kourtellos et al. 2013,1,1,-0.0109,,0.0036,-3.027777778,1,90,82,10,1,0,0,1980,2009,1,0,0,1,0,1,0,1,1,6,Journal of Macroeconomics,2013,0.952,1,200,1,0,0.003892857
19,2,Kourtellos et al. 2013,1,1,0.004,,0.0045,0.888888889,1,156,148,10,1,0,0,1980,2009,1,0,0,1,0,1,0,1,1,6,Journal of Macroeconomics,2013,0.952,1,200,1,0,0.001428571
19,3,Kourtellos et al. 2013,1,0,-0.0121,,0.0031,-3.903225806,1,91,83,10,1,0,0,1980,2009,1,0,0,1,0,1,0,0,1,6,Journal of Macroeconomics,2013,0.952,1,200,1,0,0.004321429
19,4,Kourtellos et al. 2013,1,0,-0.0028,,0.0032,-0.875,1,155,147,10,1,0,0,1980,2009,1,0,0,1,0,1,0,0,1,6,Journal of Macroeconomics,2013,0.952,1,200,1,0,0.001
19,5,Kourtellos et al. 2013,1,0,-0.0004,,0.0029,-0.137931034,1,246,238,10,1,0,0,1980,2009,1,0,0,1,0,1,0,1,0,6,Journal of Macroeconomics,2013,0.952,1,200,1,0,0.000142857
19,6,Kourtellos et al. 2013,1,0,-0.0071,-0.0071,0.0022,-3.227272727,1,246,238,10,1,0,0,1980,2009,1,0,0,1,0,1,0,0,0,6,Journal of Macroeconomics,2013,0.952,1,200,1,0,0.002535714
20,1,Kumar and Woo 2010,1,1,-0.026,,0.008552632,-3.04,1,166,155,38,1,1,0,1970,2007,1,0,0,1,0,1,0,0,0,46,IMF Working Paper,2010,0.0001,0,1023,0,1,0.009285714
20,2,Kumar and Woo 2010,1,1,-0.02,,0.005494505,-3.64,1,166,151,38,1,1,0,1970,2007,1,0,0,1,0,1,0,0,0,46,IMF Working Paper,2010,0.0001,0,1023,0,1,0.007142857
20,3,Kumar and Woo 2010,1,1,-0.019,-0.019,0.005882353,-3.23,1,166,113,38,1,1,0,1970,2007,1,0,0,1,0,1,0,0,0,46,IMF Working Paper,2010,0.0001,0,1023,0,1,0.006785714
20,4,Kumar and Woo 2010,1,1,-0.029,,0.008950617,-3.24,1,166,155,38,1,1,0,1970,2007,1,0,0,1,0,1,0,1,0,46,IMF Working Paper,2010,0.0001,0,1023,0,1,0.010357143
20,5,Kumar and Woo 2010,1,0,-0.018,,0.006766917,-2.66,1,166,143,38,1,1,0,1970,2007,1,0,0,1,0,1,0,0,0,46,IMF Working Paper,2010,0.0001,0,1023,0,1,0.006428571
20,6,Kumar and Woo 2010,1,0,-0.004,,0.005063291,-0.79,1,166,105,38,1,1,0,1970,2007,1,0,0,1,0,1,0,0,0,46,IMF Working Paper,2010,0.0001,0,1023,0,1,0.001428571
20,7,Kumar and Woo 2010,1,0,-0.02,,0.008032129,-2.49,1,166,147,38,1,1,0,1970,2007,1,0,0,1,0,1,0,1,0,46,IMF Working Paper,2010,0.0001,0,1023,0,1,0.007142857
20,8,Kumar and Woo 2010,1,0,-0.024,,0.006741573,-3.56,1,124,113,38,1,1,0,1990,2007,1,0,0,1,0,1,0,0,0,46,IMF Working Paper,2010,0.0001,0,1023,0,1,0.008571429
20,9,Kumar and Woo 2010,1,0,-0.021,,0.007720588,-2.72,1,124,105,38,1,1,0,1990,2007,1,0,0,1,0,1,0,0,0,46,IMF Working Paper,2010,0.0001,0,1023,0,1,0.0075
20,10,Kumar and Woo 2010,1,0,-0.011,,0.010679612,-1.03,1,124,67,38,1,1,0,1990,2007,1,0,0,1,0,1,0,0,0,46,IMF Working Paper,2010,0.0001,0,1023,0,1,0.003928571
20,11,Kumar and Woo 2010,1,0,-0.028,,0.015730337,-1.78,1,124,113,38,1,1,0,1990,2007,1,0,0,1,0,1,0,1,0,46,IMF Working Paper,2010,0.0001,0,1023,0,1,0.01
20,12,Kumar and Woo 2010,1,0,-0.023,,0.008243728,-2.79,1,208,197,48,1,1,0,1970,2007,1,0,0,1,0,1,0,0,0,46,IMF Working Paper,2010,0.0001,0,1023,0,1,0.008214286
20,13,Kumar and Woo 2010,1,0,-0.02,,0.006711409,-2.98,1,208,185,48,1,1,0,1970,2007,1,0,0,1,0,1,0,0,0,46,IMF Working Paper,2010,0.0001,0,1023,0,1,0.007142857
20,14,Kumar and Woo 2010,1,0,-0.013,,0.006565657,-1.98,1,208,137,48,1,1,0,1970,2007,1,0,0,1,0,1,0,0,0,46,IMF Working Paper,2010,0.0001,0,1023,0,1,0.004642857
20,15,Kumar and Woo 2010,1,0,-0.025,,0.014204545,-1.76,1,208,189,48,1,1,0,1970,2007,1,0,0,1,0,1,0,1,0,46,IMF Working Paper,2010,0.0001,0,1023,0,1,0.008928571
20,16,Kumar and Woo 2010,1,0,-0.026,,0.008306709,-3.13,1,166,156,38,1,1,0,1970,2007,1,0,0,1,0,1,0,0,0,46,IMF Working Paper,2010,0.0001,0,1023,0,1,0.009285714
20,17,Kumar and Woo 2010,1,0,-0.014,,0.006008584,-2.33,1,166,148,38,1,1,0,1970,2007,1,0,0,1,0,1,0,0,0,46,IMF Working Paper,2010,0.0001,0,1023,0,1,0.005
20,18,Kumar and Woo 2010,1,0,0.01,,0.007633588,1.31,1,166,110,38,1,1,0,1970,2007,1,0,0,1,0,1,0,0,0,46,IMF Working Paper,2010,0.0001,0,1023,0,1,0.003571429
20,19,Kumar and Woo 2010,1,0,-0.024,,0.007250755,-3.31,1,166,156,38,1,1,0,1970,2007,1,0,0,1,0,1,0,1,0,46,IMF Working Paper,2010,0.0001,0,1023,0,1,0.008571429
20,20,Kumar and Woo 2010,1,0,-0.027,,0.0081571,-3.31,1,181,171,42,1,0,0,1970,2007,1,0,0,1,0,1,0,0,0,46,IMF Working Paper,2010,0.0001,0,1023,0,1,0.009642857
20,21,Kumar and Woo 2010,1,0,-0.019,,0.007480315,-2.54,1,181,163,42,1,0,0,1970,2007,1,0,0,1,0,1,0,0,0,46,IMF Working Paper,2010,0.0001,0,1023,0,1,0.006785714
20,22,Kumar and Woo 2010,1,0,-0.006,,0.008823529,-0.68,1,181,121,42,1,0,0,1970,2007,1,0,0,1,0,1,0,0,0,46,IMF Working Paper,2010,0.0001,0,1023,0,1,0.002142857
20,23,Kumar and Woo 2010,1,0,-0.02,,0.009433962,-2.12,1,181,171,42,1,0,0,1970,2007,1,0,0,1,0,1,0,1,0,46,IMF Working Paper,2010,0.0001,0,1023,0,1,0.007142857
20,24,Kumar and Woo 2010,1,0,-0.025,,0.008389262,-2.98,1,166,154,38,1,1,0,1970,2007,1,0,0,1,0,1,0,0,0,46,IMF Working Paper,2010,0.0001,0,1023,0,1,0.008928571
20,25,Kumar and Woo 2010,1,0,-0.018,,0.006122449,-2.94,1,166,146,38,1,1,0,1970,2007,1,0,0,1,0,1,0,0,0,46,IMF Working Paper,2010,0.0001,0,1023,0,1,0.006428571
20,26,Kumar and Woo 2010,1,0,0.001,,0.00625,0.16,1,166,108,38,1,1,0,1970,2007,1,0,0,1,0,1,0,0,0,46,IMF Working Paper,2010,0.0001,0,1023,0,1,0.000357143
20,27,Kumar and Woo 2010,1,0,-0.023,,0.008098592,-2.84,1,166,154,38,1,1,0,1970,2007,1,0,0,1,0,1,0,1,0,46,IMF Working Paper,2010,0.0001,0,1023,0,1,0.008214286
20,28,Kumar and Woo 2010,1,0,-0.019,,0.008296943,-2.29,1,166,154,38,1,1,0,1970,2007,1,0,0,1,0,1,0,0,0,46,IMF Working Paper,2010,0.0001,0,1023,1,1,0.006785714
20,29,Kumar and Woo 2010,1,0,-0.015,,0.005102041,-2.94,1,166,146,38,1,1,0,1970,2007,1,0,0,1,0,1,0,0,0,46,IMF Working Paper,2010,0.0001,0,1023,1,1,0.005357143
20,30,Kumar and Woo 2010,1,0,-0.007,,0.007,-1,1,166,108,38,1,1,0,1970,2007,1,0,0,1,0,1,0,0,0,46,IMF Working Paper,2010,0.0001,0,1023,1,1,0.0025
20,31,Kumar and Woo 2010,1,0,-0.018,,0.006949807,-2.59,1,166,154,38,1,1,0,1970,2007,1,0,0,1,0,1,0,1,0,46,IMF Working Paper,2010,0.0001,0,1023,1,1,0.006428571
20,32,Kumar and Woo 2010,1,0,-0.026,,0.008754209,-2.97,1,166,154,38,1,1,0,1970,2007,1,0,0,1,0,1,0,0,0,46,IMF Working Paper,2010,0.0001,0,1023,0,1,0.009285714
20,33,Kumar and Woo 2010,1,0,-0.017,,0.006367041,-2.67,1,166,146,38,1,1,0,1970,2007,1,0,0,1,0,1,0,0,0,46,IMF Working Paper,2010,0.0001,0,1023,0,1,0.006071429
20,34,Kumar and Woo 2010,1,0,-0.004,,0.005555556,-0.72,1,166,108,38,1,1,0,1970,2007,1,0,0,1,0,1,0,0,0,46,IMF Working Paper,2010,0.0001,0,1023,0,1,0.001428571
20,35,Kumar and Woo 2010,1,0,-0.019,,0.009452736,-2.01,1,166,154,38,1,1,0,1970,2007,1,0,0,1,0,1,0,1,0,46,IMF Working Paper,2010,0.0001,0,1023,0,1,0.006785714
20,36,Kumar and Woo 2010,1,0,-0.019,,0.009223301,-2.06,1,159,148,38,1,1,0,1970,2007,1,0,0,1,0,1,0,0,0,46,IMF Working Paper,2010,0.0001,0,1023,0,1,0.006785714
20,37,Kumar and Woo 2010,1,0,-0.013,,0.00631068,-2.06,1,159,140,38,1,1,0,1970,2007,1,0,0,1,0,1,0,0,0,46,IMF Working Paper,2010,0.0001,0,1023,0,1,0.004642857
20,38,Kumar and Woo 2010,1,0,-0.002,,0.008,-0.25,1,159,102,38,1,1,0,1970,2007,1,0,0,1,0,1,0,0,0,46,IMF Working Paper,2010,0.0001,0,1023,0,1,0.000714286
20,39,Kumar and Woo 2010,1,0,-0.026,,0.004347826,-5.98,1,10,2,10,1,1,1,1975,2007,1,0,0,1,0,1,0,0,0,46,IMF Working Paper,2010,0.0001,0,1023,0,1,0.009285714
20,40,Kumar and Woo 2010,1,0,-0.004,,0.011764706,-0.34,1,20,2,20,1,1,1,1985,2007,1,0,0,1,0,1,0,0,0,46,IMF Working Paper,2010,0.0001,0,1023,0,1,0.001428571
20,41,Kumar and Woo 2010,1,0,-0.017,,0.006538462,-2.6,1,30,2,30,1,1,1,1990,2007,1,0,0,1,0,1,0,0,0,46,IMF Working Paper,2010,0.0001,0,1023,0,1,0.006071429
20,42,Kumar and Woo 2010,1,0,-0.024,,0.007453416,-3.22,1,37,2,37,1,1,1,1995,2007,1,0,0,1,0,1,0,0,0,46,IMF Working Paper,2010,0.0001,0,1023,0,1,0.008571429
20,43,Kumar and Woo 2010,1,0,-0.019,,0.010982659,-1.73,1,44,2,44,1,1,1,2000,2007,1,0,0,1,0,1,0,0,0,46,IMF Working Paper,2010,0.0001,0,1023,0,1,0.006785714
20,44,Kumar and Woo 2010,1,0,-0.02,,0.007936508,-2.52,1,42,2,42,1,0,1,1990,2007,1,0,0,1,0,1,0,0,0,46,IMF Working Paper,2010,0.0001,0,1023,0,1,0.007142857
20,45,Kumar and Woo 2010,1,0,-0.022,,0.007829181,-2.81,1,46,2,46,1,0,1,1995,2007,1,0,0,1,0,1,0,0,0,46,IMF Working Paper,2010,0.0001,0,1023,0,1,0.007857143
20,46,Kumar and Woo 2010,1,0,-0.018,,0.008530806,-2.11,1,46,2,46,1,0,1,2000,2007,1,0,0,1,0,1,0,0,0,46,IMF Working Paper,2010,0.0001,0,1023,0,1,0.006428571
21,1,Kurecic et al. 2018,1,1,-0.000235,,0.000205,-1.146341463,1,161,149,1,1,1,0,1850,2010,0,1,0,0,0,0,1,0,0,2,Mimeo,2018,0.0001,0,1,0,0,8.39E-05
21,2,Kurecic et al. 2018,1,1,-0.0001769,-0.0001769,0.000165,-1.072121212,1,161,149,1,1,1,0,1850,2010,0,1,0,0,0,1,0,0,0,2,Mimeo,2018,0.0001,0,1,0,0,6.32E-05
22,1,Kurihara 2015,1,0,-0.027,,0.007242489,-3.728,1,93,88,1,0,0,0,1990,2014,0,1,0,0,1,0,0,0,0,3,Journal of Economics Library,2015,0.0001,1,4,0,0,0.009642857
22,2,Kurihara 2015,1,1,-0.017,,0.009174312,-1.853,1,93,88,1,0,0,0,1990,2014,0,1,0,0,1,0,0,1,0,3,Journal of Economics Library,2015,0.0001,1,4,0,0,0.006071429
22,3,Kurihara 2015,1,0,-0.022,-0.022,0.007019783,-3.134,1,93,88,1,0,0,0,1990,2014,0,1,0,0,1,0,0,0,0,3,Journal of Economics Library,2015,0.0001,1,4,0,0,0.007857143
23,1,Kutivadze 2011,1,0,0.047391922,,0.025696428,1.844300003,1,542,440,89,1,1,0,1990,2007,0,0,0,1,1,0,0,0,0,13,Working Paper,2011,0.0001,0,21,0,1,0.016925686
23,2,Kutivadze 2011,1,0,0.062,,0.02369272,2.616837578,1,541,439,89,1,1,0,1990,2007,0,0,0,1,1,0,0,0,0,13,Working Paper,2011,0.0001,0,21,0,1,0.022142857
23,3,Kutivadze 2011,1,0,0.072,,0.026670328,2.699629343,1,541,440,89,1,1,0,1990,2007,0,0,0,1,1,0,0,0,0,13,Working Paper,2011,0.0001,0,21,0,1,0.025714286
23,4,Kutivadze 2011,1,0,0.05,0.05,0.022405657,2.231579282,1,325,269,43,1,1,0,1990,2007,0,0,1,0,1,0,0,0,0,13,Working Paper,2011,0.0001,0,21,0,1,0.017857143
23,5,Kutivadze 2011,1,0,0.069,,0.0214246,3.220596949,1,210,154,43,1,1,0,1990,2007,0,0,1,0,1,0,0,0,0,13,Working Paper,2011,0.0001,0,21,0,1,0.024642857
23,6,Kutivadze 2011,1,0,0.069,,0.020445378,3.374845955,1,210,155,43,1,1,0,1990,2007,0,0,1,0,1,0,0,0,0,13,Working Paper,2011,0.0001,0,21,0,1,0.024642857
23,7,Kutivadze 2011,1,0,0.038,,0.033666816,1.128707852,1,501,440,48,1,1,0,1990,2007,0,1,0,0,1,0,0,0,0,13,Working Paper,2011,0.0001,0,21,0,1,0.013571429
23,8,Kutivadze 2011,1,0,0.016,,0.037917552,0.421968175,1,384,323,48,1,1,0,1990,2007,0,1,0,0,1,0,0,0,0,13,Working Paper,2011,0.0001,0,21,0,1,0.005714286
23,9,Kutivadze 2011,1,0,0.014,,0.037917552,0.369222153,1,384,324,48,1,1,0,1990,2007,0,1,0,0,1,0,0,0,0,13,Working Paper,2011,0.0001,0,21,0,1,0.005
23,10,Kutivadze 2011,1,1,0.014592611,,0.356402359,0.040944204,1,363,291,48,1,1,0,1990,2007,0,1,0,0,0,0,1,1,0,13,Working Paper,2011,0.0001,0,21,0,1,0.005211647
23,11,Kutivadze 2011,1,0,0.019938297,,0.494781718,0.040297158,1,363,291,48,1,1,0,1990,2007,0,1,0,0,0,1,0,1,0,13,Working Paper,2011,0.0001,0,21,0,1,0.00712082
23,12,Kutivadze 2011,1,0,0.089395088,,0.078030526,1.145642517,1,363,292,48,1,1,0,1990,2007,0,1,0,0,1,0,0,0,0,13,Working Paper,2011,0.0001,0,21,0,1,0.031926817
23,13,Kutivadze 2011,1,0,0.055273703,,0.038451411,1.437494808,1,363,291,48,1,1,0,1990,2007,0,1,0,0,1,0,0,0,0,13,Working Paper,2011,0.0001,0,21,0,1,0.019740608
24,1,Megersa and Cassimon 2015,1,0,-0.012442471,,0.006332046,-1.965,1,643,632,57,1,0,0,1990,2011,0,0,1,0,1,0,0,1,0,34,Public Administration and Development,2015,1.55,1,27,1,1,0.00444374
24,2,Megersa and Cassimon 2015,1,0,-0.011366023,,0.006332046,-1.795,1,643,631,57,1,0,0,1990,2011,0,0,1,0,1,0,0,1,0,34,Public Administration and Development,2015,1.55,1,27,1,1,0.004059294
24,3,Megersa and Cassimon 2015,1,1,-0.0057944,,0.035281877,-0.164231627,1,643,631,57,1,0,0,1990,2011,0,0,1,0,1,0,0,1,0,34,Public Administration and Development,2015,1.55,1,27,1,1,0.002069429
24,4,Megersa and Cassimon 2015,1,1,-0.013297297,,0.006332046,-2.1,1,572,560,57,1,0,0,1990,2011,0,0,1,0,1,0,0,1,0,34,Public Administration and Development,2015,1.55,1,27,1,1,0.004749035
24,5,Megersa and Cassimon 2015,1,1,-0.0071344,,0.044381104,-0.160753097,1,572,560,57,1,0,0,1990,2011,0,0,1,0,1,0,0,1,0,34,Public Administration and Development,2015,1.55,1,27,1,1,0.002548
24,6,Megersa and Cassimon 2015,1,0,-0.010527027,,0.006332046,-1.6625,1,643,631,57,1,0,0,1990,2011,0,0,1,0,1,0,0,1,0,34,Public Administration and Development,2015,1.55,1,27,1,1,0.003759653
24,7,Megersa and Cassimon 2015,1,0,-0.008706564,,0.006332046,-1.375,1,643,631,57,1,0,0,1990,2011,0,0,1,0,1,0,0,1,0,34,Public Administration and Development,2015,1.55,1,27,1,1,0.003109487
24,8,Megersa and Cassimon 2015,1,0,-0.009466409,,0.006332046,-1.495,1,643,631,57,1,0,0,1990,2011,0,0,1,0,1,0,0,1,0,34,Public Administration and Development,2015,1.55,1,27,1,1,0.00338086
24,9,Megersa and Cassimon 2015,1,0,-0.01090695,,0.006332046,-1.7225,1,643,631,57,1,0,0,1990,2011,0,0,1,0,1,0,0,1,0,34,Public Administration and Development,2015,1.55,1,27,1,1,0.003895339
24,10,Megersa and Cassimon 2015,1,0,-0.010479537,-0.010479537,0.006332046,-1.655,1,643,631,57,1,0,0,1990,2011,0,0,1,0,1,0,0,1,0,34,Public Administration and Development,2015,1.55,1,27,1,1,0.003742692
24,11,Megersa and Cassimon 2015,1,0,-0.017413127,,0.006332046,-2.75,1,510,499,45,1,0,0,1990,2011,0,0,1,0,1,0,0,1,0,34,Public Administration and Development,2015,1.55,1,27,1,1,0.006218974
24,12,Megersa and Cassimon 2015,1,0,0.100837838,,0.045907336,2.196551724,1,133,122,12,1,0,0,1990,2011,0,0,1,0,1,0,0,1,0,34,Public Administration and Development,2015,1.55,1,27,1,1,0.036013514
24,13,Megersa and Cassimon 2015,1,0,-0.016146718,,0.007915058,-2.04,1,456,445,41,1,0,0,1990,2011,0,0,1,0,1,0,0,1,0,34,Public Administration and Development,2015,1.55,1,27,1,1,0.005766685
24,14,Megersa and Cassimon 2015,1,0,0.009640541,,0.011081081,0.87,1,187,176,16,1,0,0,1990,2011,0,0,1,0,1,0,0,1,0,34,Public Administration and Development,2015,1.55,1,27,1,1,0.00344305
24,15,Megersa and Cassimon 2015,1,0,-0.021687259,,0.004749035,-4.566666667,1,326,315,29,1,0,0,1990,2011,0,0,1,0,1,0,0,1,0,34,Public Administration and Development,2015,1.55,1,27,1,1,0.00774545
24,16,Megersa and Cassimon 2015,1,0,0.021054054,,0.007915058,2.66,1,317,306,28,1,0,0,1990,2011,0,0,1,0,1,0,0,1,0,34,Public Administration and Development,2015,1.55,1,27,1,1,0.007519305
24,17,Megersa and Cassimon 2015,1,0,-0.013159575,,0.007915058,-1.6626,1,229,218,20,1,0,0,1990,2011,0,0,1,0,1,0,0,1,0,34,Public Administration and Development,2015,1.55,1,27,1,1,0.004699848
24,18,Megersa and Cassimon 2015,1,0,-0.007060232,,0.009498069,-0.743333333,1,414,403,37,1,0,0,1990,2011,0,0,1,0,1,0,0,1,0,34,Public Administration and Development,2015,1.55,1,27,1,1,0.002521511
24,19,Megersa and Cassimon 2015,1,0,-0.01772973,,0.007915058,-2.24,1,492,481,44,1,0,0,1990,2011,0,0,1,0,1,0,0,1,0,34,Public Administration and Development,2015,1.55,1,27,1,1,0.006332046
24,20,Megersa and Cassimon 2015,1,0,0.061579151,,0.018996139,3.241666667,1,151,140,13,1,0,0,1990,2011,0,0,1,0,1,0,0,1,0,34,Public Administration and Development,2015,1.55,1,27,1,1,0.021992554
24,21,Megersa and Cassimon 2015,1,0,-0.018679537,,0.009498069,-1.966666667,1,522,511,46,1,0,0,1990,2011,0,0,1,0,1,0,0,1,0,34,Public Administration and Development,2015,1.55,1,27,1,1,0.006671263
24,22,Megersa and Cassimon 2015,1,0,0.00823166,,0.034826255,0.236363636,1,121,110,11,1,0,0,1990,2011,0,0,1,0,1,0,0,1,0,34,Public Administration and Development,2015,1.55,1,27,1,1,0.002939879
24,23,Megersa and Cassimon 2015,1,0,-0.014057143,,0.009498069,-1.48,1,330,319,29,1,0,0,1990,2011,0,0,1,0,1,0,0,1,0,34,Public Administration and Development,2015,1.55,1,27,1,1,0.005020408
24,24,Megersa and Cassimon 2015,1,0,0.007535135,,0.011081081,0.68,1,313,302,28,1,0,0,1990,2011,0,0,1,0,1,0,0,1,0,34,Public Administration and Development,2015,1.55,1,27,1,1,0.00269112
24,25,Megersa and Cassimon 2015,1,0,-0.016938224,,0.007915058,-2.14,1,445,434,39,1,0,0,1990,2011,0,0,1,0,1,0,0,1,0,34,Public Administration and Development,2015,1.55,1,27,1,1,0.006049366
24,26,Megersa and Cassimon 2015,1,0,0.004321622,,0.011081081,0.39,1,198,187,18,1,0,0,1990,2011,0,0,1,0,1,0,0,1,0,34,Public Administration and Development,2015,1.55,1,27,1,1,0.001543436
24,27,Megersa and Cassimon 2015,1,0,-0.01505444,,0.006332046,-2.3775,1,461,450,41,1,0,0,1990,2011,0,0,1,0,1,0,0,1,0,34,Public Administration and Development,2015,1.55,1,27,1,1,0.005376586
24,28,Megersa and Cassimon 2015,1,0,0.04242471,,0.009498069,4.466666667,1,182,171,16,1,0,0,1990,2011,0,0,1,0,1,0,0,1,0,34,Public Administration and Development,2015,1.55,1,27,1,1,0.015151682
24,29,Megersa and Cassimon 2015,1,0,-0.012569112,,0.009498069,-1.323333333,1,426,415,38,1,0,0,1990,2011,0,0,1,0,1,0,0,1,0,34,Public Administration and Development,2015,1.55,1,27,1,1,0.004488969
24,30,Megersa and Cassimon 2015,1,0,-0.009086486,,0.007915058,-1.148,1,217,206,19,1,0,0,1990,2011,0,0,1,0,1,0,0,1,0,34,Public Administration and Development,2015,1.55,1,27,1,1,0.003245174
24,31,Megersa and Cassimon 2015,1,0,-0.01772973,,0.007915058,-2.24,1,492,481,44,1,0,0,1990,2011,0,0,1,0,1,0,0,1,0,34,Public Administration and Development,2015,1.55,1,27,1,1,0.006332046
24,32,Megersa and Cassimon 2015,1,0,0.061579151,,0.018996139,3.241666667,1,151,140,13,1,0,0,1990,2011,0,0,1,0,1,0,0,1,0,34,Public Administration and Development,2015,1.55,1,27,1,1,0.021992554
24,33,Megersa and Cassimon 2015,1,0,-0.020420849,,0.007915058,-2.58,1,250,239,22,1,0,0,1990,2011,0,0,1,0,1,0,0,1,0,34,Public Administration and Development,2015,1.55,1,27,1,1,0.00729316
24,34,Megersa and Cassimon 2015,1,0,0.00547722,,0.009498069,0.576666667,1,393,382,35,1,0,0,1990,2011,0,0,1,0,1,0,0,1,0,34,Public Administration and Development,2015,1.55,1,27,1,1,0.00195615
25,1,Mencinger et al. 2014,1,0,0.038,0.038,0.033428712,1.136747349,1,342,319,15,1,0,0,1980,2010,0,1,0,0,1,0,0,0,0,3,Amiteatru Economic Journal,2014,0.0001,1,95,1,1,0.013571429
25,2,Mencinger et al. 2014,1,1,0.02682,,0.032829694,0.816943347,1,303,280,15,1,0,0,1980,2010,0,1,0,0,1,0,0,1,0,3,Amiteatru Economic Journal,2014,0.0001,1,95,1,0,0.009578571
25,3,Mencinger et al. 2014,1,0,0.12358,,0.155682112,0.793797042,1,130,113,10,1,0,0,1995,2010,0,1,0,0,1,0,0,1,0,3,Amiteatru Economic Journal,2014,0.0001,1,95,1,0,0.044135714
26,1,Myatt and Liu 2015,1,0,-0.014,,0.012,-1.166666667,1,230,227,1,0,0,0,1990,2012,0,1,0,0,1,0,0,0,0,4,Canadian Journal of Regional Science,2015,0.0001,1,1,0,0,0.005
26,2,Myatt and Liu 2015,1,1,-0.004,,0.15,-0.026666667,1,230,227,1,0,0,0,1990,2012,0,1,0,0,1,0,0,0,0,4,Canadian Journal of Regional Science,2015,0.0001,1,1,0,0,0.001428571
26,3,Myatt and Liu 2015,1,1,-0.0002,,0.02,-0.01,1,230,227,1,0,1,0,1990,2012,0,1,0,0,1,0,0,1,0,4,Canadian Journal of Regional Science,2015,0.0001,1,1,0,0,7.14E-05
26,4,Myatt and Liu 2015,1,0,-0.007,-0.007,0.02,-0.35,1,230,227,1,0,1,0,1990,2012,0,1,0,0,1,0,0,1,0,4,Canadian Journal of Regional Science,2015,0.0001,1,1,0,0,0.0025
27,1,Ostry et al. 2015,1,1,-0.00463,-0.00463,0.006448468,-0.718,1,233,187,27,0,0,0,1960,2008,1,1,0,0,1,0,0,0,0,4,IMF Staff Discussion Note,2015,0.0001,0,154,0,1,0.001653571
27,2,Ostry et al. 2015,1,1,-0.00559,,0.016392962,-0.341,1,222,176,27,0,0,0,1960,2008,1,1,0,0,1,0,0,1,0,4,IMF Staff Discussion Note,2015,0.0001,0,154,1,1,0.001996429
27,3,Ostry et al. 2015,1,0,0.0164,,0.016666667,0.984,1,233,187,27,0,0,0,1960,2008,1,1,0,0,1,0,0,0,0,4,IMF Staff Discussion Note,2015,0.0001,0,154,0,1,0.005857143
27,4,Ostry et al. 2015,1,0,0.0175,,0.011961722,1.463,1,233,187,27,0,0,0,1960,2008,1,1,0,0,1,0,0,0,0,4,IMF Staff Discussion Note,2015,0.0001,0,154,0,1,0.00625
28,1,Panizza and Presbitero 2014,1,0,-0.01796,,0.00588,-3.054421769,1,362,326,17,1,0,0,1980,2006,1,1,0,0,1,0,0,0,0,14,Journal of Macroeconomics,2014,0.0001,0,614,0,1,0.006414286
28,2,Panizza and Presbitero 2014,1,0,0.000739737,0.000739737,0.008378322,0.088291747,1,362,326,17,1,0,0,1980,2006,1,1,0,0,1,0,0,1,0,14,Journal of Macroeconomics,2014,0.0001,0,614,0,1,0.000264192
28,3,Panizza and Presbitero 2014,1,0,-0.01563,,0.00453,-3.450331126,1,362,324,17,1,0,0,1980,2006,1,1,0,0,1,0,0,0,0,14,Journal of Macroeconomics,2014,0.0001,0,614,0,1,0.005582143
28,4,Panizza and Presbitero 2014,1,1,0.008348457,,0.009090491,0.918372504,1,362,324,17,1,0,0,1980,2006,1,1,0,0,1,0,0,1,0,14,Journal of Macroeconomics,2014,0.0001,0,614,0,1,0.002981592
28,5,Panizza and Presbitero 2014,1,0,-0.01539,,0.00544,-2.829044118,1,328,290,17,1,0,0,1980,2001,1,1,0,0,1,0,0,0,0,14,Journal of Macroeconomics,2014,0.0001,0,614,0,1,0.005496429
28,6,Panizza and Presbitero 2014,1,0,0.00948563,,0.009945094,0.953799954,1,328,290,17,1,0,0,1980,2001,1,1,0,0,1,0,0,1,0,14,Journal of Macroeconomics,2014,0.0001,0,614,0,1,0.003387725
28,7,Panizza and Presbitero 2014,1,0,-0.01574,,0.00599,-2.627712855,1,328,290,17,1,0,0,1980,1999,1,1,0,0,1,0,0,0,0,14,Journal of Macroeconomics,2014,0.0001,0,614,0,1,0.005621429
28,8,Panizza and Presbitero 2014,1,0,0.01022307,,0.010264421,0.995971352,1,328,290,17,1,0,0,1980,1999,1,1,0,0,1,0,0,1,0,14,Journal of Macroeconomics,2014,0.0001,0,614,0,1,0.003651096
28,9,Panizza and Presbitero 2014,1,0,-0.01468,,0.00665,-2.207518797,1,340,303,16,1,0,0,1980,2006,1,1,0,0,1,0,0,0,0,14,Journal of Macroeconomics,2014,0.0001,0,614,0,1,0.005242857
28,10,Panizza and Presbitero 2014,1,0,0.00732615,,0.009997932,0.732766544,1,340,303,16,1,0,0,1980,2006,1,1,0,0,1,0,0,1,0,14,Journal of Macroeconomics,2014,0.0001,0,614,0,1,0.002616482
28,11,Panizza and Presbitero 2014,1,0,-0.01175,,0.00809,-1.452410383,1,252,219,12,1,0,0,1980,2006,1,1,0,0,1,0,0,0,0,14,Journal of Macroeconomics,2014,0.0001,0,614,0,1,0.004196429
28,12,Panizza and Presbitero 2014,1,0,0.004583151,,0.008385214,0.546575342,1,252,219,12,1,0,0,1980,2006,1,1,0,0,1,0,0,1,0,14,Journal of Macroeconomics,2014,0.0001,0,614,0,1,0.00163684
28,13,Panizza and Presbitero 2014,1,0,-0.01827,,0.0038,-4.807894737,1,238,201,16,1,0,0,1980,2006,1,1,0,0,1,0,0,0,0,14,Journal of Macroeconomics,2014,0.0001,0,614,0,1,0.006525
28,14,Panizza and Presbitero 2014,1,0,0.003294355,,0.01021388,0.322537112,1,238,201,16,1,0,0,1980,2006,1,1,0,0,1,0,0,1,0,14,Journal of Macroeconomics,2014,0.0001,0,614,0,1,0.001176555
29,1,Schclarek 2004,1,0,-0.01789,,0.00572,-3.127622378,1,396,326,59,0,0,0,1970,2002,1,0,1,0,0,1,0,1,0,15,Working Paper,2004,0.0001,0,369,0,0,0.006389286
29,2,Schclarek 2004,1,1,-0.00868,,0.00392,-2.214285714,1,366,293,59,0,0,0,1970,2002,1,0,1,0,0,1,0,1,0,15,Working Paper,2004,0.0001,0,369,0,1,0.0031
29,3,Schclarek 2004,1,1,-0.00884,,0.00355,-2.490140845,1,345,271,59,0,0,0,1970,2002,1,0,1,0,0,1,0,1,0,15,Working Paper,2004,0.0001,0,369,0,1,0.003157143
29,4,Schclarek 2004,1,1,-0.01038,,0.00286,-3.629370629,1,377,305,59,0,0,0,1970,2002,1,0,1,0,0,1,0,1,0,15,Working Paper,2004,0.0001,0,369,1,0,0.003707143
29,5,Schclarek 2004,1,1,-0.00705,-0.00705,0.00265,-2.660377358,1,282,220,47,0,0,0,1970,2002,1,0,1,0,0,1,0,1,0,15,Working Paper,2004,0.0001,0,369,1,0,0.002517857
29,6,Schclarek 2004,1,0,-0.01983,,0.000888332,-22.32274447,1,396,326,59,0,0,0,1970,2002,1,0,1,0,0,1,0,1,0,15,Working Paper,2004,0.0001,0,369,0,0,0.007082143
29,7,Schclarek 2004,1,0,-0.00639,,0.000715764,-8.927524885,1,366,293,59,0,0,0,1970,2002,1,0,1,0,0,1,0,1,0,15,Working Paper,2004,0.0001,0,369,0,1,0.002282143
29,8,Schclarek 2004,1,0,-0.00775,,0.000658895,-11.76211716,1,345,271,59,0,0,0,1970,2002,1,0,1,0,0,1,0,1,0,15,Working Paper,2004,0.0001,0,369,0,1,0.002767857
29,9,Schclarek 2004,1,0,-0.01084,,0.000635363,-17.06111254,1,377,305,59,0,0,0,1970,2002,1,0,1,0,0,1,0,1,0,15,Working Paper,2004,0.0001,0,369,1,0,0.003871429
29,10,Schclarek 2004,1,0,-0.00664,,0.000464756,-14.28705804,1,282,220,47,0,0,0,1970,2002,1,0,1,0,0,1,0,1,0,15,Working Paper,2004,0.0001,0,369,1,0,0.002371429
29,11,Schclarek 2004,1,0,-0.00316,,0.00211,-1.497630332,1,153,120,22,0,0,0,1970,2002,1,1,0,0,0,1,0,1,0,15,Working Paper,2004,0.0001,0,369,0,0,0.001128571
29,12,Schclarek 2004,1,0,-0.00107,,0.00126,-0.849206349,1,153,117,22,0,0,0,1970,2002,1,1,0,0,0,1,0,1,0,15,Working Paper,2004,0.0001,0,369,0,1,0.000382143
29,13,Schclarek 2004,1,0,-0.00116,,0.00124,-0.935483871,1,150,113,22,0,0,0,1970,2002,1,1,0,0,0,1,0,1,0,15,Working Paper,2004,0.0001,0,369,0,1,0.000414286
29,14,Schclarek 2004,1,0,-0.00062,,0.00158,-0.392405063,1,153,118,22,0,0,0,1970,2002,1,1,0,0,0,1,0,1,0,15,Working Paper,2004,0.0001,0,369,1,0,0.000221429
29,15,Schclarek 2004,1,0,0.00355,,0.00102,3.480392157,1,140,103,22,0,0,0,1970,2002,1,1,0,0,0,1,0,1,0,15,Working Paper,2004,0.0001,0,369,1,0,0.001267857
30,1,Sosvilla-Rivero and Gomez-Puig 2019,1,0,-0.331,,0.110554442,-2.994,1,55,45,1,0,0,0,1961,2015,0,1,0,0,0,0,1,0,0,44,Revista de Economia Mundial,2019,0.0001,1,2,1,0,0.118214286
30,2,Sosvilla-Rivero and Gomez-Puig 2019,1,0,-0.186,,0.042797975,-4.346,1,55,45,1,0,0,0,1961,2015,0,1,0,0,0,0,1,0,0,44,Revista de Economia Mundial,2019,0.0001,1,2,1,0,0.066428571
30,3,Sosvilla-Rivero and Gomez-Puig 2019,1,0,0.059,,0.011919192,4.95,1,55,45,1,0,0,0,1961,2015,0,1,0,0,0,0,1,0,0,44,Revista de Economia Mundial,2019,0.0001,1,2,1,0,0.021071429
30,4,Sosvilla-Rivero and Gomez-Puig 2019,1,0,-0.054,,0.016605166,-3.252,1,55,45,1,0,0,0,1961,2015,0,1,0,0,0,0,1,0,0,44,Revista de Economia Mundial,2019,0.0001,1,2,1,0,0.019285714
30,5,Sosvilla-Rivero and Gomez-Puig 2019,1,0,0.375,,0.096599691,3.882,1,55,45,1,0,0,0,1961,2015,0,1,0,0,0,0,1,0,0,44,Revista de Economia Mundial,2019,0.0001,1,2,1,0,0.133928571
30,6,Sosvilla-Rivero and Gomez-Puig 2019,1,0,-0.031,,0.007876016,-3.936,1,55,45,1,0,0,0,1961,2015,0,1,0,0,0,0,1,0,0,44,Revista de Economia Mundial,2019,0.0001,1,2,1,0,0.011071429
30,7,Sosvilla-Rivero and Gomez-Puig 2019,1,0,-0.195,,0.052250804,-3.732,1,55,45,1,0,0,0,1961,2015,0,1,0,0,0,0,1,0,0,44,Revista de Economia Mundial,2019,0.0001,1,2,1,0,0.069642857
30,8,Sosvilla-Rivero and Gomez-Puig 2019,1,0,-0.077,,0.01973347,-3.902,1,55,45,1,0,0,0,1961,2015,0,1,0,0,0,0,1,0,0,44,Revista de Economia Mundial,2019,0.0001,1,2,1,0,0.0275
30,9,Sosvilla-Rivero and Gomez-Puig 2019,1,0,-0.143,,0.038502962,-3.714,1,55,45,1,0,0,0,1961,2015,0,1,0,0,0,0,1,0,0,44,Revista de Economia Mundial,2019,0.0001,1,2,1,0,0.051071429
30,10,Sosvilla-Rivero and Gomez-Puig 2019,1,0,0.063,,0.019767807,3.187,1,55,45,1,0,0,0,1961,2015,0,1,0,0,0,0,1,0,0,44,Revista de Economia Mundial,2019,0.0001,1,2,1,0,0.0225
30,11,Sosvilla-Rivero and Gomez-Puig 2019,1,1,0.067,,0.023247745,2.882,1,55,45,1,0,0,0,1961,2015,0,1,0,0,0,0,1,0,0,44,Revista de Economia Mundial,2019,0.0001,1,2,1,0,0.023928571
30,12,Sosvilla-Rivero and Gomez-Puig 2019,1,0,-0.119,,0.035072207,-3.393,1,26,16,1,0,0,0,1961,1986,0,1,0,0,0,0,1,0,0,44,Revista de Economia Mundial,2019,0.0001,1,2,1,0,0.0425
30,13,Sosvilla-Rivero and Gomez-Puig 2019,1,0,-0.295,,0.0747782,-3.945,1,16,6,1,0,0,0,1961,1976,0,1,0,0,0,0,1,0,0,44,Revista de Economia Mundial,2019,0.0001,1,2,1,0,0.105357143
30,14,Sosvilla-Rivero and Gomez-Puig 2019,1,0,0.074,,0.020302897,3.6448,1,30,20,1,0,0,0,1961,1990,0,1,0,0,0,0,1,0,0,44,Revista de Economia Mundial,2019,0.0001,1,2,1,0,0.026428571
30,15,Sosvilla-Rivero and Gomez-Puig 2019,1,0,-0.062,,0.01968879,-3.149,1,25,15,1,0,0,0,1961,1985,0,1,0,0,0,0,1,0,0,44,Revista de Economia Mundial,2019,0.0001,1,2,1,0,0.022142857
30,16,Sosvilla-Rivero and Gomez-Puig 2019,1,0,0.308,,0.074811756,4.117,1,22,12,1,0,0,0,1961,1982,0,1,0,0,0,0,1,0,0,44,Revista de Economia Mundial,2019,0.0001,1,2,1,0,0.11
30,17,Sosvilla-Rivero and Gomez-Puig 2019,1,0,-0.027,,0.007411474,-3.643,1,16,6,1,0,0,0,1961,1977,0,1,0,0,0,0,1,0,0,44,Revista de Economia Mundial,2019,0.0001,1,2,1,0,0.009642857
30,18,Sosvilla-Rivero and Gomez-Puig 2019,1,0,-0.017,,0.004388229,-3.874,1,18,8,1,0,0,0,1961,1978,0,1,0,0,0,0,1,0,0,44,Revista de Economia Mundial,2019,0.0001,1,2,1,0,0.006071429
30,19,Sosvilla-Rivero and Gomez-Puig 2019,1,0,-0.09,,0.032846715,-2.74,1,26,16,1,0,0,0,1961,1987,0,1,0,0,0,0,1,0,0,44,Revista de Economia Mundial,2019,0.0001,1,2,1,0,0.032142857
30,20,Sosvilla-Rivero and Gomez-Puig 2019,1,0,-0.143,,0.040555871,-3.526,1,15,5,1,0,0,0,1961,1975,0,1,0,0,0,0,1,0,0,44,Revista de Economia Mundial,2019,0.0001,1,2,1,0,0.051071429
30,21,Sosvilla-Rivero and Gomez-Puig 2019,1,0,-0.056,,0.017721519,-3.16,1,25,15,1,0,0,0,1961,1985,0,1,0,0,0,0,1,0,0,44,Revista de Economia Mundial,2019,0.0001,1,2,1,0,0.02
30,22,Sosvilla-Rivero and Gomez-Puig 2019,1,0,0.072,,0.024024024,2.997,1,32,22,1,0,0,0,1961,1992,0,1,0,0,0,0,1,0,0,44,Revista de Economia Mundial,2019,0.0001,1,2,1,0,0.025714286
30,23,Sosvilla-Rivero and Gomez-Puig 2019,1,0,-0.158,,0.052474261,-3.011,1,20,10,1,0,0,0,1987,2006,0,1,0,0,0,0,1,0,0,44,Revista de Economia Mundial,2019,0.0001,1,2,1,0,0.056428571
30,24,Sosvilla-Rivero and Gomez-Puig 2019,1,0,-0.271,,0.098905109,-2.74,1,28,18,1,0,0,0,1977,2004,0,1,0,0,0,0,1,0,0,44,Revista de Economia Mundial,2019,0.0001,1,2,1,0,0.096785714
30,25,Sosvilla-Rivero and Gomez-Puig 2019,1,0,-0.036,,0.011737855,-3.067,1,16,6,1,0,0,0,1991,2006,0,1,0,0,0,0,1,0,0,44,Revista de Economia Mundial,2019,0.0001,1,2,1,0,0.012857143
30,26,Sosvilla-Rivero and Gomez-Puig 2019,1,0,-0.03,,0.010166045,-2.951,1,21,11,1,0,0,0,1986,2004,0,1,0,0,0,0,1,0,0,44,Revista de Economia Mundial,2019,0.0001,1,2,1,0,0.010714286
30,27,Sosvilla-Rivero and Gomez-Puig 2019,1,0,-0.106,,0.028679654,-3.696,1,24,14,1,0,0,0,1983,2007,0,1,0,0,0,0,1,0,0,44,Revista de Economia Mundial,2019,0.0001,1,2,1,0,0.037857143
30,28,Sosvilla-Rivero and Gomez-Puig 2019,1,0,-0.008,,0.0025,-3.2,1,30,20,1,0,0,0,1978,2007,0,1,0,0,0,0,1,0,0,44,Revista de Economia Mundial,2019,0.0001,1,2,1,0,0.002857143
30,29,Sosvilla-Rivero and Gomez-Puig 2019,1,0,-0.052,,0.014050257,-3.701,1,29,19,1,0,0,0,1979,2007,0,1,0,0,0,0,1,0,0,44,Revista de Economia Mundial,2019,0.0001,1,2,1,0,0.018571429
30,30,Sosvilla-Rivero and Gomez-Puig 2019,1,0,-0.137,,0.037803532,-3.624,1,18,8,1,0,0,0,1988,2006,0,1,0,0,0,0,1,0,0,44,Revista de Economia Mundial,2019,0.0001,1,2,1,0,0.048928571
30,31,Sosvilla-Rivero and Gomez-Puig 2019,1,0,-0.098,,0.026472177,-3.702,1,30,20,1,0,0,0,1976,2006,0,1,0,0,0,0,1,0,0,44,Revista de Economia Mundial,2019,0.0001,1,2,1,0,0.035
30,32,Sosvilla-Rivero and Gomez-Puig 2019,1,0,0.097,,0.034482759,2.813,1,16,6,1,0,0,0,1986,2002,0,1,0,0,0,0,1,0,0,44,Revista de Economia Mundial,2019,0.0001,1,2,1,0,0.034642857
30,33,Sosvilla-Rivero and Gomez-Puig 2019,1,0,-0.016,,0.0057041,-2.805,1,16,6,1,0,0,0,1993,2008,0,1,0,0,0,0,1,0,0,44,Revista de Economia Mundial,2019,0.0001,1,2,1,0,0.005714286
30,34,Sosvilla-Rivero and Gomez-Puig 2019,1,1,-0.074,,0.024010383,-3.082,1,8,4,1,0,0,0,2007,2015,0,1,0,0,0,0,1,0,0,44,Revista de Economia Mundial,2019,0.0001,1,2,1,0,0.026428571
30,35,Sosvilla-Rivero and Gomez-Puig 2019,1,0,-0.376,,0.097865695,-3.842,1,11,1,1,0,0,0,2005,2015,0,1,0,0,0,0,1,0,0,44,Revista de Economia Mundial,2019,0.0001,1,2,1,0,0.134285714
30,36,Sosvilla-Rivero and Gomez-Puig 2019,1,0,-0.037,,0.009890404,-3.741,1,8,4,1,0,0,0,2007,2015,0,1,0,0,0,0,1,0,0,44,Revista de Economia Mundial,2019,0.0001,1,2,1,0,0.013214286
30,37,Sosvilla-Rivero and Gomez-Puig 2019,1,0,-0.014,,0.004259203,-3.287,1,11,1,1,0,0,0,2005,2015,0,1,0,0,0,0,1,0,0,44,Revista de Economia Mundial,2019,0.0001,1,2,1,0,0.005
30,38,Sosvilla-Rivero and Gomez-Puig 2019,1,0,-0.044,-0.044,0.010096374,-4.358,1,7,4,1,0,0,0,2008,2015,0,1,0,0,0,0,1,0,0,44,Revista de Economia Mundial,2019,0.0001,1,2,1,0,0.015714286
30,39,Sosvilla-Rivero and Gomez-Puig 2019,1,0,-0.037,,0.012679918,-2.918,1,7,4,1,0,0,0,2008,2015,0,1,0,0,0,0,1,0,0,44,Revista de Economia Mundial,2019,0.0001,1,2,1,0,0.013214286
30,40,Sosvilla-Rivero and Gomez-Puig 2019,1,0,-0.255,,0.086941698,-2.933,1,7,4,1,0,0,0,2008,2015,0,1,0,0,0,0,1,0,0,44,Revista de Economia Mundial,2019,0.0001,1,2,1,0,0.091071429
30,41,Sosvilla-Rivero and Gomez-Puig 2019,1,0,-0.031,,0.010801394,-2.87,1,8,4,1,0,0,0,2007,2015,0,1,0,0,0,0,1,0,0,44,Revista de Economia Mundial,2019,0.0001,1,2,1,0,0.011071429
30,42,Sosvilla-Rivero and Gomez-Puig 2019,1,0,-0.391,,0.105990783,-3.689,1,8,4,1,0,0,0,2007,2015,0,1,0,0,0,0,1,0,0,44,Revista de Economia Mundial,2019,0.0001,1,2,1,0,0.139642857
30,43,Sosvilla-Rivero and Gomez-Puig 2019,1,0,-0.174,,0.058566139,-2.971,1,12,4,1,0,0,0,2003,2015,0,1,0,0,0,0,1,0,0,44,Revista de Economia Mundial,2019,0.0001,1,2,1,0,0.062142857
30,44,Sosvilla-Rivero and Gomez-Puig 2019,1,0,-0.029,,0.009847199,-2.945,1,7,4,1,0,0,0,2009,2015,0,1,0,0,0,0,1,0,0,44,Revista de Economia Mundial,2019,0.0001,1,2,1,0,0.010357143
31,1,Woo and Kumar 2015,1,1,-0.025,,0.010964912,-2.28,1,166,155,38,1,1,0,1970,2008,1,0,0,1,0,1,0,0,0,61,Economica,2015,1.478,1,2014,0,1,0.008928571
31,2,Woo and Kumar 2015,1,1,-0.022,,0.003151862,-6.98,1,166,155,38,1,1,0,1970,2008,1,0,0,1,0,1,0,0,0,61,Economica,2015,1.478,1,2014,0,1,0.007857143
31,3,Woo and Kumar 2015,1,1,-0.015,,0.006912442,-2.17,1,166,117,38,1,1,0,1970,2008,1,0,0,1,0,1,0,0,0,61,Economica,2015,1.478,1,2014,0,1,0.005357143
31,4,Woo and Kumar 2015,1,1,-0.03,,0.007246377,-4.14,1,166,155,38,1,1,0,1970,2008,1,0,0,1,0,1,0,1,0,61,Economica,2015,1.478,1,2014,0,1,0.010714286
31,5,Woo and Kumar 2015,1,0,-0.018,,0.002538787,-7.09,1,166,147,38,1,1,0,1970,2008,1,0,0,1,0,1,0,0,0,61,Economica,2015,1.478,1,2014,0,1,0.006428571
31,6,Woo and Kumar 2015,1,0,-0.004,,0.005970149,-0.67,1,166,109,38,1,1,0,1970,2008,1,0,0,1,0,1,0,0,0,61,Economica,2015,1.478,1,2014,0,1,0.001428571
31,7,Woo and Kumar 2015,1,0,-0.019,,0.01005291,-1.89,1,166,147,38,1,1,0,1970,2008,1,0,0,1,0,1,0,1,0,61,Economica,2015,1.478,1,2014,0,1,0.006785714
31,8,Woo and Kumar 2015,1,0,-0.024,,0.008421053,-2.85,1,124,113,38,1,1,0,1990,2008,1,0,0,1,0,1,0,0,0,61,Economica,2015,1.478,1,2014,0,1,0.008571429
31,9,Woo and Kumar 2015,1,0,-0.02,,0.002125399,-9.41,1,124,109,38,1,1,0,1990,2008,1,0,0,1,0,1,0,0,0,61,Economica,2015,1.478,1,2014,0,1,0.007142857
31,10,Woo and Kumar 2015,1,0,-0.008,,0.012307692,-0.65,1,124,71,38,1,1,0,1990,2008,1,0,0,1,0,1,0,0,0,61,Economica,2015,1.478,1,2014,0,1,0.002857143
31,11,Woo and Kumar 2015,1,0,-0.023,,0.011386139,-2.02,1,124,109,38,1,1,0,1990,2008,1,0,0,1,0,1,0,1,0,61,Economica,2015,1.478,1,2014,0,1,0.008214286
31,12,Woo and Kumar 2015,1,0,-0.019,,0.009793814,-1.94,1,208,197,48,1,1,0,1990,2008,1,0,0,1,0,1,0,0,0,61,Economica,2015,1.478,1,2014,0,1,0.006785714
31,13,Woo and Kumar 2015,1,0,-0.02,,0.003738318,-5.35,1,208,193,48,1,1,0,1990,2008,1,0,0,1,0,1,0,0,0,61,Economica,2015,1.478,1,2014,0,1,0.007142857
31,14,Woo and Kumar 2015,1,0,-0.011,,0.006179775,-1.78,1,208,145,48,1,1,0,1990,2008,1,0,0,1,0,1,0,0,0,61,Economica,2015,1.478,1,2014,0,1,0.003928571
31,15,Woo and Kumar 2015,1,0,-0.021,,0.012068966,-1.74,1,208,193,48,1,1,0,1990,2008,1,0,0,1,0,1,0,1,0,61,Economica,2015,1.478,1,2014,0,1,0.0075
31,16,Woo and Kumar 2015,1,0,-0.021,,0.006521739,-3.22,1,297,286,79,1,1,0,1990,2008,1,0,0,1,0,1,0,0,0,61,Economica,2015,1.478,1,2014,0,1,0.0075
31,17,Woo and Kumar 2015,1,0,-0.017,,0.001960784,-8.67,1,297,282,79,1,1,0,1990,2008,1,0,0,1,0,1,0,0,0,61,Economica,2015,1.478,1,2014,0,1,0.006071429
31,18,Woo and Kumar 2015,1,0,-0.011,,0.006626506,-1.66,1,297,203,79,1,1,0,1990,2008,1,0,0,1,0,1,0,0,0,61,Economica,2015,1.478,1,2014,0,1,0.003928571
31,19,Woo and Kumar 2015,1,0,-0.016,,0.008743169,-1.83,1,297,282,79,1,1,0,1990,2008,1,0,0,1,0,1,0,1,0,61,Economica,2015,1.478,1,2014,0,1,0.005714286
31,20,Woo and Kumar 2015,1,0,-0.023,,0.008679245,-2.65,1,127,116,34,1,1,0,1970,2008,1,1,0,0,0,1,0,0,0,61,Economica,2015,1.478,1,2014,0,1,0.008214286
31,21,Woo and Kumar 2015,1,0,-0.01,,0.002590674,-3.86,1,127,116,34,1,1,0,1970,2008,1,1,0,0,0,1,0,0,0,61,Economica,2015,1.478,1,2014,0,1,0.003571429
31,22,Woo and Kumar 2015,1,0,-0.0004,,0.004444444,-0.09,1,127,82,34,1,1,0,1970,2008,1,1,0,0,0,1,0,0,0,61,Economica,2015,1.478,1,2014,0,1,0.000142857
31,23,Woo and Kumar 2015,1,0,-0.015,,0.005300353,-2.83,1,127,116,34,1,1,0,1970,2008,1,1,0,0,0,1,0,1,0,61,Economica,2015,1.478,1,2014,0,1,0.005357143
31,24,Woo and Kumar 2015,1,0,-0.01,,0.001941748,-5.15,1,127,108,34,1,1,0,1970,2008,1,1,0,0,0,1,0,0,0,61,Economica,2015,1.478,1,2014,0,1,0.003571429
31,25,Woo and Kumar 2015,1,0,0.003,,0.004615385,0.65,1,127,74,34,1,1,0,1970,2008,1,1,0,0,0,1,0,0,0,61,Economica,2015,1.478,1,2014,0,1,0.001071429
31,26,Woo and Kumar 2015,1,0,-0.012,,0.004225352,-2.84,1,127,108,34,1,1,0,1970,2008,1,1,0,0,0,1,0,1,0,61,Economica,2015,1.478,1,2014,0,1,0.004285714
31,27,Woo and Kumar 2015,1,0,-0.023,,0.009311741,-2.47,1,141,130,38,1,1,0,1970,2008,1,0,1,0,0,1,0,0,0,61,Economica,2015,1.478,1,2014,0,1,0.008214286
31,28,Woo and Kumar 2015,1,0,-0.021,,0.002001907,-10.49,1,141,130,38,1,1,0,1970,2008,1,0,1,0,0,1,0,0,0,61,Economica,2015,1.478,1,2014,0,1,0.0075
31,29,Woo and Kumar 2015,1,0,-0.018,,0.012328767,-1.46,1,141,92,38,1,1,0,1970,2008,1,0,1,0,0,1,0,0,0,61,Economica,2015,1.478,1,2014,0,1,0.006428571
31,30,Woo and Kumar 2015,1,0,-0.028,,0.01443299,-1.94,1,141,130,38,1,1,0,1970,2008,1,0,1,0,0,1,0,1,0,61,Economica,2015,1.478,1,2014,0,1,0.01
31,31,Woo and Kumar 2015,1,0,-0.019,-0.019,0.00284006,-6.69,1,141,122,38,1,1,0,1970,2008,1,0,1,0,0,1,0,0,0,61,Economica,2015,1.478,1,2014,0,1,0.006785714
31,32,Woo and Kumar 2015,1,0,-0.005,,0.013888889,-0.36,1,141,84,38,1,1,0,1970,2008,1,0,1,0,0,1,0,0,0,61,Economica,2015,1.478,1,2014,0,1,0.001785714
31,33,Woo and Kumar 2015,1,0,-0.028,,0.011522634,-2.43,1,141,122,38,1,1,0,1970,2008,1,0,1,0,0,1,0,1,0,61,Economica,2015,1.478,1,2014,0,1,0.01
31,34,Woo and Kumar 2015,1,0,-0.029,,0.009265176,-3.13,1,166,154,38,1,1,0,1970,2008,1,0,0,1,0,1,0,0,0,61,Economica,2015,1.478,1,2014,0,1,0.010357143
31,35,Woo and Kumar 2015,1,0,-0.019,,0.002439024,-7.79,1,166,146,38,1,1,0,1970,2008,1,0,0,1,0,1,0,0,0,61,Economica,2015,1.478,1,2014,0,1,0.006785714
31,36,Woo and Kumar 2015,1,0,-0.007,,0.006140351,-1.14,1,166,108,38,1,1,0,1970,2008,1,0,0,1,0,1,0,0,0,61,Economica,2015,1.478,1,2014,0,1,0.0025
31,37,Woo and Kumar 2015,1,0,-0.023,,0.010454545,-2.2,1,166,146,38,1,1,0,1970,2008,1,0,0,1,0,1,0,1,0,61,Economica,2015,1.478,1,2014,0,1,0.008214286
31,38,Woo and Kumar 2015,1,0,-0.015,,0.010714286,-1.4,1,166,154,38,1,1,0,1970,2008,1,0,0,1,0,1,0,0,0,61,Economica,2015,1.478,1,2014,1,1,0.005357143
31,39,Woo and Kumar 2015,1,0,-0.014,,0.002540835,-5.51,1,166,146,38,1,1,0,1970,2008,1,0,0,1,0,1,0,0,0,61,Economica,2015,1.478,1,2014,1,1,0.005
31,40,Woo and Kumar 2015,1,0,-0.008,,0.006837607,-1.17,1,166,108,38,1,1,0,1970,2008,1,0,0,1,0,1,0,0,0,61,Economica,2015,1.478,1,2014,1,1,0.002857143
31,41,Woo and Kumar 2015,1,0,-0.025,,0.014367816,-1.74,1,166,146,38,1,1,0,1970,2008,1,0,0,1,0,1,0,1,0,61,Economica,2015,1.478,1,2014,1,1,0.008928571
31,42,Woo and Kumar 2015,1,0,-0.025,,0.011160714,-2.24,1,166,154,38,1,1,0,1970,2008,1,0,0,1,0,1,0,0,0,61,Economica,2015,1.478,1,2014,0,1,0.008928571
31,43,Woo and Kumar 2015,1,0,-0.017,,0.002456647,-6.92,1,166,146,38,1,1,0,1970,2008,1,0,0,1,0,1,0,0,0,61,Economica,2015,1.478,1,2014,0,1,0.006071429
31,44,Woo and Kumar 2015,1,0,-0.004,,0.006060606,-0.66,1,166,108,38,1,1,0,1970,2008,1,0,0,1,0,1,0,0,0,61,Economica,2015,1.478,1,2014,0,1,0.001428571
31,45,Woo and Kumar 2015,1,0,-0.014,,0.0109375,-1.28,1,166,146,38,1,1,0,1970,2008,1,0,0,1,0,1,0,1,0,61,Economica,2015,1.478,1,2014,0,1,0.005
31,46,Woo and Kumar 2015,1,0,-0.022,,0.012359551,-1.78,1,159,148,38,0,1,0,1970,2008,1,0,0,1,0,1,0,0,0,61,Economica,2015,1.478,1,2014,0,1,0.007857143
31,47,Woo and Kumar 2015,1,0,-0.012,,0.003468208,-3.46,1,159,140,38,0,1,0,1970,2008,1,0,0,1,0,1,0,0,0,61,Economica,2015,1.478,1,2014,0,1,0.004285714
31,48,Woo and Kumar 2015,1,0,0.005,,0.007246377,0.69,1,159,102,38,0,1,0,1970,2008,1,0,0,1,0,1,0,0,0,61,Economica,2015,1.478,1,2014,0,1,0.001785714
31,49,Woo and Kumar 2015,1,0,-0.02,,0.008163265,-2.45,1,159,140,38,0,1,0,1970,2008,1,0,0,1,0,1,0,1,0,61,Economica,2015,1.478,1,2014,0,1,0.007142857
31,50,Woo and Kumar 2015,1,0,-0.02,,0.004454343,-4.49,1,10,2,10,1,1,1,1975,2008,1,0,0,1,0,1,0,0,0,61,Economica,2015,1.478,1,2014,0,1,0.007142857
31,51,Woo and Kumar 2015,1,0,-0.009,,0.008411215,-1.07,1,20,12,10,1,1,1,1985,2008,1,0,0,1,0,1,0,0,0,61,Economica,2015,1.478,1,2014,0,1,0.003214286
31,52,Woo and Kumar 2015,1,0,-0.018,,0.005471125,-3.29,1,30,21,10,1,1,1,1990,2008,1,0,0,1,0,1,0,0,0,61,Economica,2015,1.478,1,2014,0,1,0.006428571
31,53,Woo and Kumar 2015,1,0,-0.029,,0.007774799,-3.73,1,37,28,10,1,1,1,1995,2008,1,0,0,1,0,1,0,0,0,61,Economica,2015,1.478,1,2014,0,1,0.010357143
31,54,Woo and Kumar 2015,1,0,-0.02,,0.012121212,-1.65,1,44,35,10,1,1,1,2000,2008,1,0,0,1,0,1,0,0,0,61,Economica,2015,1.478,1,2014,0,1,0.007142857
31,55,Woo and Kumar 2015,1,0,-0.021,,0.009502262,-2.21,1,42,33,10,1,1,1,1990,2008,1,0,0,1,0,1,0,0,0,61,Economica,2015,1.478,1,2014,0,1,0.0075
31,56,Woo and Kumar 2015,1,0,-0.022,,0.008208955,-2.68,1,46,37,10,1,0,1,1995,2008,1,0,0,1,0,1,0,0,0,61,Economica,2015,1.478,1,2014,0,1,0.007857143
31,57,Woo and Kumar 2015,1,0,-0.018,,0.009836066,-1.83,1,46,37,10,1,0,1,2000,2008,1,0,0,1,0,1,0,0,0,61,Economica,2015,1.478,1,2014,0,1,0.006428571
31,58,Woo and Kumar 2015,1,0,-0.021,,0.006306306,-3.33,1,30,21,10,0,1,1,1990,2008,1,0,0,1,0,1,0,0,0,61,Economica,2015,1.478,1,2014,0,1,0.0075
31,59,Woo and Kumar 2015,1,0,-0.029,,0.01013986,-2.86,1,37,28,10,0,1,1,1995,2008,1,0,0,1,0,1,0,0,0,61,Economica,2015,1.478,1,2014,0,1,0.010357143
31,60,Woo and Kumar 2015,1,0,-0.02,,0.009615385,-2.08,1,30,21,10,0,0,1,1990,2008,1,0,0,1,0,1,0,0,0,61,Economica,2015,1.478,1,2014,0,1,0.007142857
31,61,Woo and Kumar 2015,1,0,-0.017,,0.007727273,-2.2,1,37,28,10,0,0,1,1995,2008,1,0,0,1,0,1,0,0,0,61,Economica,2015,1.478,1,2014,0,1,0.006071429
32,1,Shah and Pervin 2012,1,1,0.0157735,0.0157735,0.0056056,2.813882546,1,37,26,1,0,0,0,1974,2010,0,0,1,0,0,1,0,0,0,20,Academic Research International,2012,0.0001,1,39,1,0,0.005633393
32,2,Shah and Pervin 2012,1,0,0.152084,,0.117793,1.291112375,1,37,26,1,0,0,0,1974,2010,0,0,1,0,0,0,1,0,0,20,Academic Research International,2012,0.0001,1,39,1,0,0.054315714
33,1,Sanusi et al. 2019,1,1,0.000757398,,0.018695986,0.040511262,1,304,295,16,1,0,0,1998,2016,0,0,1,0,0,1,0,0,0,2,International Journal of Economics and Management,2019,0.0001,1,11,1,1,0.000270499
33,2,Sanusi et al. 2019,1,1,-0.002939043,-0.002939043,0.002951238,-0.995867755,1,304,295,16,1,0,0,1998,2016,0,0,1,0,0,0,1,0,0,2,International Journal of Economics and Management,2019,0.0001,1,11,1,1,0.001049658